{
"type": "FeatureCollection",
"name": "crithab_subareas",
"crs": { "type": "name", "properties": { "name": "urn:ogc:def:crs:OGC:1.3:CRS84" } },
"features": [
{ "type": "Feature", "properties": { "subarea_id": 1, "area_km2": 1286.3523074503296 }, "geometry": { "type": "MultiPolygon", "coordinates": [ [ [ [ -84.418794805999937, 27.689628140000025 ], [ -84.416666666999959, 27.6875 ], [ -84.415278116999957, 27.684722137000051 ], [ -84.414583332999939, 27.683333333000064 ], [ -84.414815266999938, 27.681481425000072 ], [ -84.416666666999959, 27.675 ], [ -84.408333332999973, 27.666666667000072 ], [ -84.406667073999984, 27.660000102000026 ], [ -84.40625, 27.65833333300003 ], [ -84.405555215999982, 27.655555471000071 ], [ -84.40416666699997, 27.65 ], [ -84.403703816999951, 27.646296183000061 ], [ -84.40333353699998, 27.644999949000066 ], [ -84.402778116999968, 27.641666667000038 ], [ -84.40208333299995, 27.639583333000076 ], [ -84.4, 27.633333333000053 ], [ -84.396296182999947, 27.62870381700003 ], [ -84.394444783999973, 27.625 ], [ -84.393332925999971, 27.62333323200005 ], [ -84.391666666999981, 27.620833333000064 ], [ -84.390151977999949, 27.618181864000064 ], [ -84.389583332999962, 27.616666667000061 ], [ -84.38888855, 27.613888804000055 ], [ -84.3875, 27.608333333000076 ], [ -84.387037149999969, 27.604629517000035 ], [ -84.386666869999942, 27.603333282000051 ], [ -84.385714721999989, 27.597619120000047 ], [ -84.385714721999989, 27.59404754600007 ], [ -84.385416666999959, 27.591666667000027 ], [ -84.384999592999975, 27.58999989800003 ], [ -84.383333332999939, 27.583333333000041 ], [ -84.381481933999964, 27.576851908000037 ], [ -84.38125, 27.575 ], [ -84.380951944999936, 27.57261912000007 ], [ -84.380951944999936, 27.569047546000036 ], [ -84.380555215999948, 27.56666666700005 ], [ -84.378333536999946, 27.563333384000032 ], [ -84.375, 27.558333333000064 ], [ -84.373148599999979, 27.55185190800006 ], [ -84.372221882999952, 27.55 ], [ -84.369444783999938, 27.541666667000072 ], [ -84.368518065999979, 27.539814758000034 ], [ -84.366666666999947, 27.5375 ], [ -84.366090557999939, 27.536347465000063 ], [ -84.993383581999979, 27.485706753000045 ], [ -84.994444783999938, 27.488888804000055 ], [ -84.995370482999988, 27.491666667000061 ], [ -84.996528116999968, 27.495138804000078 ], [ -84.997221882999952, 27.497222137000051 ], [ -84.998148599999979, 27.5 ], [ -84.998550414999954, 27.50144933100006 ], [ -85.0, 27.505555471000037 ], [ -85.000694783999961, 27.507638804000067 ], [ -85.000925699999982, 27.508333333000053 ], [ -85.001388549999945, 27.50972213700004 ], [ -85.002778116999934, 27.513888804000032 ], [ -85.003703816999973, 27.516666667000038 ], [ -85.004861449999964, 27.520138804000055 ], [ -85.005555215999948, 27.522222137000028 ], [ -85.006481933999964, 27.525 ], [ -85.006944783999984, 27.526388804000078 ], [ -85.008333332999939, 27.530555471000071 ], [ -85.009210204999988, 27.532456207000052 ], [ -85.00952351899997, 27.53333333300003 ], [ -85.01018473299996, 27.535185242000068 ], [ -85.011508178999975, 27.538492076000068 ], [ -85.0125, 27.541666667000072 ], [ -85.013158161999968, 27.545175425000025 ], [ -85.013636270999939, 27.546969604000026 ], [ -85.014285277999988, 27.55 ], [ -85.01481526699996, 27.55185190800006 ], [ -85.016666666999981, 27.558333333000064 ], [ -85.018421426999964, 27.564912160000063 ], [ -85.019048054999985, 27.56666666700005 ], [ -85.020370482999965, 27.570370483000033 ], [ -85.020634968999957, 27.57103169800007 ], [ -85.021875, 27.575 ], [ -85.022618611999974, 27.577380880000078 ], [ -85.025, 27.583333333000041 ], [ -85.027500406999934, 27.589166768000041 ], [ -85.028571573999955, 27.591666667000027 ], [ -85.029999796999959, 27.594999949000055 ], [ -85.03125, 27.59791666700005 ], [ -85.032143147999989, 27.6 ], [ -85.033333332999973, 27.604166667000072 ], [ -85.034313964999967, 27.607352956000057 ], [ -85.034721882999975, 27.608333333000076 ], [ -85.036111449999964, 27.611111196000024 ], [ -85.037121581999941, 27.612878672000079 ], [ -85.038541666999947, 27.616666667000061 ], [ -85.039394123999955, 27.618939463000061 ], [ -85.041666666999959, 27.625 ], [ -85.044167073999972, 27.630833435000056 ], [ -85.045238240999936, 27.633333333000053 ], [ -85.046969603999969, 27.636363729000038 ], [ -85.048333739999975, 27.639999898000042 ], [ -85.049074299999972, 27.641666667000038 ], [ -85.049275715999954, 27.642391205000024 ], [ -85.05, 27.644444529000054 ], [ -85.051514688999987, 27.648484802000041 ], [ -85.052083332999985, 27.65 ], [ -85.053333536999958, 27.653333282000062 ], [ -85.053788248999979, 27.654545339000038 ], [ -85.055208332999939, 27.65833333300003 ], [ -85.056060790999936, 27.660606130000076 ], [ -85.059247880999976, 27.669105631000036 ], [ -84.43333333299995, 27.716666667000027 ], [ -84.435184732999971, 27.723148092000031 ], [ -84.435211856999956, 27.723364665000076 ], [ -84.418794805999937, 27.689628140000025 ] ] ] ] } },
{ "type": "Feature", "properties": { "subarea_id": 2, "area_km2": 698.29841494143352 }, "geometry": { "type": "MultiPolygon", "coordinates": [ [ [ [ -87.707639953999944, 29.393055268000069 ], [ -87.706667073999938, 29.393333308000024 ], [ -87.703333536999935, 29.394999949000066 ], [ -87.7, 29.395512772000075 ], [ -87.695833332999939, 29.395833333000041 ], [ -87.691666666999936, 29.39611117000004 ], [ -87.688513183999987, 29.396846898000035 ], [ -87.685714721999943, 29.397618993000037 ], [ -87.68333333299995, 29.398214340000038 ], [ -87.681944783999938, 29.398611069000026 ], [ -87.677083332999985, 29.4 ], [ -87.675694783999973, 29.400694402000056 ], [ -87.675, 29.400925954000058 ], [ -87.673718261999966, 29.401281993000055 ], [ -87.66933288599995, 29.402666728000042 ], [ -87.666666666999959, 29.403333282000062 ], [ -87.662820434999958, 29.40448722800005 ], [ -87.662121581999941, 29.404545466000059 ], [ -87.658333332999973, 29.405357107000043 ], [ -87.656349690999946, 29.406349182000042 ], [ -87.651388549999979, 29.40833333300003 ], [ -87.650666299999955, 29.409000015000061 ], [ -87.65, 29.409259288000044 ], [ -87.648958332999939, 29.409375 ], [ -87.64375, 29.41041666700005 ], [ -87.641666666999981, 29.410606003000055 ], [ -87.637820434999981, 29.412179438000067 ], [ -87.637398274999953, 29.412398402000065 ], [ -87.633333332999939, 29.413541667000061 ], [ -87.630951944999936, 29.414285660000075 ], [ -87.626666259999979, 29.41500002500004 ], [ -87.625, 29.415416718000074 ], [ -87.623935954, 29.415602875000047 ], [ -87.61875, 29.416666667000072 ], [ -87.617142740999952, 29.417142868000042 ], [ -87.616091918999985, 29.417241414000046 ], [ -87.609684244999983, 29.418017960000043 ], [ -87.608333332999962, 29.418137232000049 ], [ -87.606159464999962, 29.418840535000072 ], [ -87.603333536999969, 29.419999949000044 ], [ -87.6, 29.420833333000076 ], [ -87.597089639999979, 29.422089895000056 ], [ -87.593803913999977, 29.422863261000032 ], [ -87.59166666699997, 29.423563258000058 ], [ -87.590740966999988, 29.424074046000044 ], [ -87.589216104999934, 29.425 ], [ -87.586508178999964, 29.428174591000072 ], [ -87.583333332999985, 29.429761887000041 ], [ -87.58039245599997, 29.430392202000064 ], [ -87.578030395999974, 29.430303065000032 ], [ -87.575, 29.430729167000038 ], [ -87.573084512999969, 29.431417592000059 ], [ -87.567424519999975, 29.433333333000064 ], [ -87.567006428999946, 29.43367347700007 ], [ -87.566666666999936, 29.433823522000068 ], [ -87.565278116999934, 29.434722265000062 ], [ -87.562037149999981, 29.437037023000073 ], [ -87.55833333299995, 29.43866666200006 ], [ -87.555951944999947, 29.439285660000053 ], [ -87.552260334999971, 29.439406840000061 ], [ -87.55, 29.439814758000068 ], [ -87.548705037, 29.440372213000046 ], [ -87.546296182999981, 29.44166666700005 ], [ -87.543776448999949, 29.44377632100003 ], [ -87.541666666999959, 29.444753138000067 ], [ -87.53825276699996, 29.446586355000079 ], [ -87.535184732999937, 29.448148092000054 ], [ -87.533333332999973, 29.449107107000032 ], [ -87.532764688999976, 29.449431864000076 ], [ -87.531548054999973, 29.45 ], [ -87.527511596999943, 29.452511470000047 ], [ -87.525, 29.453666687000066 ], [ -87.521568806999937, 29.454902013000037 ], [ -87.519697061999977, 29.455303065000066 ], [ -87.516666666999981, 29.456182734000038 ], [ -87.51543172199996, 29.457098770000073 ], [ -87.513491820999946, 29.458333333000041 ], [ -87.51091308599996, 29.460912704000066 ], [ -87.508333332999939, 29.461944453000058 ], [ -87.505709838999962, 29.464043172000061 ], [ -87.501894123999989, 29.466666667000027 ], [ -87.501190185999974, 29.467857107000043 ], [ -87.5, 29.469117610000069 ], [ -87.497531127999935, 29.472530874000029 ], [ -87.494444783999938, 29.475 ], [ -87.492981973999974, 29.476315816000067 ], [ -87.491666666999947, 29.476923116000023 ], [ -87.487962849999974, 29.479629644000056 ], [ -87.485897826999974, 29.48076922100006 ], [ -87.483333332999962, 29.482291667000027 ], [ -87.482727050999983, 29.482727305000026 ], [ -87.481578572999979, 29.483333333000076 ], [ -87.477976480999985, 29.486309560000052 ], [ -87.475, 29.4875 ], [ -87.472899372999962, 29.489565786000071 ], [ -87.470967610999935, 29.491666667000061 ], [ -87.469731648999982, 29.494731776000037 ], [ -87.46666666699997, 29.499509811000053 ], [ -87.466458129999978, 29.49979171800004 ], [ -87.466249592999986, 29.5 ], [ -87.465555826999946, 29.501111094000066 ], [ -87.463475544999937, 29.505141830000071 ], [ -87.45984802199996, 29.508333333000053 ], [ -87.459210204999977, 29.509210587000041 ], [ -87.458333332999985, 29.509999975000028 ], [ -87.455232746999968, 29.513565954000057 ], [ -87.45, 29.516666667000038 ], [ -87.445740762999947, 29.520740763000049 ], [ -87.441666666999936, 29.523214340000038 ], [ -87.440805053999952, 29.524137878000033 ], [ -87.439583332999973, 29.525 ], [ -87.436333210999976, 29.528000005000024 ], [ -87.43333333299995, 29.530357107000043 ], [ -87.431521606, 29.531521734000023 ], [ -87.426388549999956, 29.53333333300003 ], [ -87.425555419999966, 29.533888880000063 ], [ -87.425, 29.534166718000051 ], [ -87.423333739999975, 29.534999975000062 ], [ -87.420097859999942, 29.536764654000024 ], [ -87.416666666999959, 29.538194402000045 ], [ -87.414965819999964, 29.539965947000042 ], [ -87.412037149999946, 29.541666667000072 ], [ -87.409920246999945, 29.543253962000051 ], [ -87.408333332999973, 29.544047674000069 ], [ -87.272664836, 29.465506773000072 ], [ -87.273571776999972, 29.465238063000072 ], [ -87.275, 29.464743551000026 ], [ -87.27833353699998, 29.463333384000066 ], [ -87.279523721999965, 29.46285718300004 ], [ -87.283333332999973, 29.461111069000026 ], [ -87.285237629999983, 29.460238139000069 ], [ -87.29000040699998, 29.458333333000041 ], [ -87.291228231, 29.457894770000053 ], [ -87.291666666999959, 29.457692337000026 ], [ -87.292856851999943, 29.457142893000025 ], [ -87.29705912299994, 29.455392202000041 ], [ -87.3, 29.453787867000074 ], [ -87.302873738999949, 29.45287361100003 ], [ -87.306372069999952, 29.451960754000027 ], [ -87.30833333299995, 29.451388931000054 ], [ -87.30928548199995, 29.450952403000031 ], [ -87.311111449999942, 29.45 ], [ -87.315041096999948, 29.44837392200003 ], [ -87.316666666999936, 29.447618993000049 ], [ -87.320833332999939, 29.445833333000053 ], [ -87.325, 29.44375 ], [ -87.326999918999945, 29.443666712000038 ], [ -87.331746418999955, 29.443253962000028 ], [ -87.334782917999974, 29.443115997000064 ], [ -87.340217081999981, 29.443115997000064 ], [ -87.34166666699997, 29.443055598000058 ], [ -87.342777506999937, 29.442777761000059 ], [ -87.347221882999975, 29.44166666700005 ], [ -87.349495442999967, 29.441161601000033 ], [ -87.35, 29.44107144700007 ], [ -87.351666259999945, 29.440000025000074 ], [ -87.354761758999985, 29.438095220000037 ], [ -87.358333332999962, 29.435416667000027 ], [ -87.359444172999986, 29.434444427000074 ], [ -87.360605875999966, 29.433333333000064 ], [ -87.363829548999945, 29.430496470000037 ], [ -87.366666666999947, 29.426666641000054 ], [ -87.367618814999958, 29.425952403000053 ], [ -87.36875, 29.425 ], [ -87.37229715999996, 29.422297287000049 ], [ -87.375, 29.419999949000044 ], [ -87.377150471999983, 29.418817266000076 ], [ -87.381667073999949, 29.416666667000072 ], [ -87.383333332999939, 29.416071447000036 ], [ -87.384375, 29.415625 ], [ -87.38888855, 29.413888931000031 ], [ -87.391666666999981, 29.4125 ], [ -87.394892374999984, 29.411559168000053 ], [ -87.397777302999941, 29.410555522000038 ], [ -87.4, 29.409848531000023 ], [ -87.401281737999966, 29.409615326000051 ], [ -87.407575479999934, 29.409090932000026 ], [ -87.408333332999973, 29.408974330000035 ], [ -87.408730061999961, 29.408730189000039 ], [ -87.409259032999955, 29.40833333300003 ], [ -87.414052326999979, 29.40571899400004 ], [ -87.416666666999959, 29.404411825000068 ], [ -87.420000202999972, 29.403333282000062 ], [ -87.423038736999956, 29.401960754000072 ], [ -87.425, 29.40119044000005 ], [ -87.425901285999942, 29.400900904000025 ], [ -87.428333536999958, 29.4 ], [ -87.432143147999966, 29.398809560000075 ], [ -87.43333333299995, 29.398437500000057 ], [ -87.436458332999962, 29.396875 ], [ -87.437878417999968, 29.396212133000063 ], [ -87.441666666999936, 29.394047674000035 ], [ -87.443292236, 29.393292745000053 ], [ -87.447221882999941, 29.391666667000038 ], [ -87.449359130999937, 29.391025670000033 ], [ -87.45, 29.39078941300005 ], [ -87.45138855, 29.390277735000041 ], [ -87.455555215999937, 29.388888931000054 ], [ -87.458333332999985, 29.38774515800003 ], [ -87.46152445499996, 29.386524836000035 ], [ -87.464911905999941, 29.385087713000075 ], [ -87.46666666699997, 29.384375 ], [ -87.467332966999948, 29.384000015000026 ], [ -87.468181355999945, 29.383333333000053 ], [ -87.472761027, 29.381094488000031 ], [ -87.475, 29.379761887000029 ], [ -87.478508504, 29.378508759000056 ], [ -87.480667113999971, 29.377666728000065 ], [ -87.483333332999962, 29.376666641000043 ], [ -87.484693399999969, 29.376360575000035 ], [ -87.491666666999947, 29.375 ], [ -87.49863382999996, 29.373633830000074 ], [ -87.5, 29.373263931000054 ], [ -87.502873738999938, 29.372126389000073 ], [ -87.504781086999969, 29.371448135000037 ], [ -87.508333332999939, 29.369841258000065 ], [ -87.510416666999959, 29.36875 ], [ -87.515000406999945, 29.366666667000061 ], [ -87.516162108999936, 29.366161601000044 ], [ -87.516666666999981, 29.365972265000039 ], [ -87.518421426999964, 29.364912287000038 ], [ -87.521360269999946, 29.363026810000065 ], [ -87.525, 29.361206945000049 ], [ -87.526872761999982, 29.360205968000059 ], [ -87.53095194499997, 29.358333333000076 ], [ -87.532529703999955, 29.357530085000064 ], [ -87.533333332999973, 29.35709877000005 ], [ -87.536111449999964, 29.355555598000024 ], [ -87.537878418, 29.354545466000047 ], [ -87.541666666999959, 29.352586238000072 ], [ -87.543314615999975, 29.351648331000035 ], [ -87.546354166999947, 29.35 ], [ -87.548772175999943, 29.348771922000026 ], [ -87.55, 29.34791666700005 ], [ -87.553645832999962, 29.346354167000072 ], [ -87.554365030999975, 29.346031698000047 ], [ -87.55833333299995, 29.344444402000079 ], [ -87.56039123499994, 29.343724314000042 ], [ -87.565908812999965, 29.341666667000027 ], [ -87.566483560999984, 29.341483561000075 ], [ -87.566666666999936, 29.341428630000053 ], [ -87.566964721999966, 29.34136899300006 ], [ -87.573295084999984, 29.339962133000029 ], [ -87.575, 29.33963966400006 ], [ -87.577343749999955, 29.339322917000061 ], [ -87.580701700999953, 29.339035034000062 ], [ -87.583333332999985, 29.338636398000062 ], [ -87.587056477999965, 29.337056732000065 ], [ -87.588725788999966, 29.336274465000031 ], [ -87.59166666699997, 29.334946187000071 ], [ -87.592719522999971, 29.334385935000057 ], [ -87.594444783999961, 29.333333333000041 ], [ -87.59813130699996, 29.331464132000065 ], [ -87.6, 29.330476252000039 ], [ -87.603616333, 29.32861633300007 ], [ -87.606110635999983, 29.327222188000064 ], [ -87.608333332999962, 29.326010132000079 ], [ -87.60901387499996, 29.325680288000058 ], [ -87.610184732999983, 29.325 ], [ -87.614285277999954, 29.322618993000049 ], [ -87.616666666999947, 29.320833333000053 ], [ -87.619658406999974, 29.319658152000045 ], [ -87.623245238999971, 29.318421046000026 ], [ -87.625, 29.317777761000059 ], [ -87.625812784999937, 29.317479706000029 ], [ -87.628030395999986, 29.31666666700005 ], [ -87.632079060999956, 29.315412140000035 ], [ -87.633333332999939, 29.314898936000077 ], [ -87.636249796999948, 29.313749949000055 ], [ -87.638281249999977, 29.313281250000045 ], [ -87.641666666999981, 29.310964966000029 ], [ -87.644048054999985, 29.310714340000061 ], [ -87.647126260999983, 29.311206945000038 ], [ -87.65, 29.311021550000078 ], [ -87.652976480999939, 29.311309560000041 ], [ -87.654629516999989, 29.312037023000073 ], [ -87.658333332999973, 29.31219813000007 ], [ -87.661296589999949, 29.311296336000055 ], [ -87.665740966999977, 29.308333333000064 ], [ -87.662284341999964, 29.304382706000069 ], [ -87.658333332999973, 29.304230754000059 ], [ -87.656660969999962, 29.30666147900007 ], [ -87.650721231999967, 29.307611847000032 ], [ -87.65, 29.307936478000045 ], [ -87.649477131999959, 29.307810847000042 ], [ -87.64199625699996, 29.308003362000079 ], [ -87.641666666999981, 29.307838313000047 ], [ -87.6375, 29.304166667000061 ], [ -87.63665568, 29.3 ], [ -87.637860106999938, 29.296193949000042 ], [ -87.638085937999961, 29.295247396000036 ], [ -87.639092, 29.291666667000072 ], [ -87.640298461999976, 29.290298462000067 ], [ -87.641666666999981, 29.289647547000072 ], [ -87.643189493999955, 29.290143967000063 ], [ -87.644872029999988, 29.291666667000072 ], [ -87.647611490999964, 29.294055430000071 ], [ -87.65, 29.294212977000029 ], [ -87.653732299999945, 29.295398585000044 ], [ -87.654539997999962, 29.295459493000067 ], [ -87.658333332999973, 29.297992706000059 ], [ -87.660424805, 29.297908783000025 ], [ -87.666426594999962, 29.299760183000046 ], [ -87.666666666999959, 29.299739583000076 ], [ -87.666969807999976, 29.299696986000072 ], [ -87.675, 29.3 ], [ -87.682386270999984, 29.299053065000066 ], [ -87.68333333299995, 29.298842621000063 ], [ -87.684906005999949, 29.298427709000066 ], [ -87.689117431999989, 29.29745101900005 ], [ -87.691666666999936, 29.296717199000057 ], [ -87.695588174999955, 29.295588175000034 ], [ -87.696341959999984, 29.295325216000037 ], [ -87.7, 29.294166692000033 ], [ -87.701973469999984, 29.293640391000054 ], [ -87.708333332999985, 29.291666667000072 ], [ -87.714815266999949, 29.289814758000034 ], [ -87.71666666699997, 29.289080429000023 ], [ -87.720154825999941, 29.288178253000069 ], [ -87.721221923999963, 29.287888845000055 ], [ -87.725, 29.286944453000046 ], [ -87.727490233999958, 29.285823695000033 ], [ -87.731018066, 29.28333333300003 ], [ -87.732650756999988, 29.282650248000039 ], [ -87.733333332999962, 29.282427597000037 ], [ -87.734388223999986, 29.282278442000063 ], [ -87.740462239999943, 29.282128525000076 ], [ -87.741666666999947, 29.281904729000075 ], [ -87.744167073999961, 29.280833308000069 ], [ -87.746813964999944, 29.280147044000046 ], [ -87.75, 29.277631632000066 ], [ -87.753846231999944, 29.278846105000071 ], [ -87.754255167999986, 29.279078039000069 ], [ -87.758333332999939, 29.279674784000065 ], [ -87.761086018999947, 29.280581029000075 ], [ -87.765408324999953, 29.282075500000076 ], [ -87.766666666999981, 29.282499949000055 ], [ -87.767796833999967, 29.28220342000003 ], [ -87.773221841999941, 29.281555557000047 ], [ -87.775, 29.280864207000036 ], [ -87.777683511999953, 29.277683640000078 ], [ -87.779947916999959, 29.275 ], [ -87.781465657999945, 29.273132197000052 ], [ -87.783333332999973, 29.271505356000034 ], [ -87.786947631999965, 29.270281092000062 ], [ -87.788674926999988, 29.269658152000034 ], [ -87.791666666999959, 29.268611145000079 ], [ -87.793201700999987, 29.268201701000066 ], [ -87.7981486, 29.266666667000038 ], [ -87.799625650999985, 29.266292191000048 ], [ -87.8, 29.266190465000079 ], [ -87.800617471999942, 29.266049321000025 ], [ -87.806504312999948, 29.264837392000061 ], [ -87.80833333299995, 29.26439399700007 ], [ -87.811333210999976, 29.263666662000048 ], [ -87.816666666999936, 29.26237373400005 ], [ -87.81995849599997, 29.261625544000026 ], [ -87.822278848999986, 29.261054484000056 ], [ -87.825, 29.260416667000072 ], [ -87.826625569999976, 29.259959412000057 ], [ -87.833333332999985, 29.258333333000053 ], [ -87.839922077999972, 29.256589127000041 ], [ -87.84166666699997, 29.256127421000031 ], [ -87.844444783999961, 29.255555598000058 ], [ -87.846794636999959, 29.255128225000078 ], [ -87.85, 29.254427083000053 ], [ -87.854166666999959, 29.25416666700005 ], [ -87.858333332999962, 29.253787867000028 ], [ -87.860820516, 29.252487564000035 ], [ -87.865384927999969, 29.251281993000077 ], [ -87.866666666999947, 29.250806427000043 ], [ -87.867284138999935, 29.250617345000023 ], [ -87.869444783999938, 29.25 ], [ -87.873809813999969, 29.248809560000041 ], [ -87.875, 29.248484802000064 ], [ -87.876999918999957, 29.247999954000079 ], [ -87.880488077999985, 29.247154490000071 ], [ -87.883333332999939, 29.246464666000065 ], [ -87.886891682999988, 29.245224762000078 ], [ -87.889367675999949, 29.243965530000025 ], [ -87.891666666999981, 29.242948659000035 ], [ -87.892708332999973, 29.242708333000053 ], [ -87.899166869999988, 29.242500051000036 ], [ -87.9, 29.242361069000026 ], [ -87.900438435999945, 29.24210523000005 ], [ -87.903125, 29.241666667000061 ], [ -87.907317097999965, 29.240650431000063 ], [ -87.908333332999973, 29.240476227000045 ], [ -87.909848021999949, 29.240151469000068 ], [ -87.914346312999953, 29.239345932000049 ], [ -87.916666666999959, 29.238802083000053 ], [ -87.920192463999967, 29.238140996000027 ], [ -87.921271768999986, 29.237938563000057 ], [ -87.925, 29.237239583000076 ], [ -87.928205362999961, 29.23653844200004 ], [ -87.930667113999959, 29.236000061000027 ], [ -87.93333333299995, 29.235416667000038 ], [ -87.93502095499997, 29.235021083000049 ], [ -87.941666666999936, 29.233333333000076 ], [ -87.948504638999964, 29.231837591000044 ], [ -87.95, 29.231510417000038 ], [ -87.952244058999952, 29.231089783000073 ], [ -87.955481973999952, 29.23048248300006 ], [ -87.957936340999936, 29.230022344000076 ], [ -87.944334694999952, 29.36270889900004 ], [ -87.934944796999957, 29.361357582000039 ], [ -87.93333333299995, 29.36145833300003 ], [ -87.930555215999959, 29.36111106900006 ], [ -87.927778116999946, 29.36111106900006 ], [ -87.925, 29.360833359000026 ], [ -87.908333332999973, 29.360833359000026 ], [ -87.906410726, 29.360256449000076 ], [ -87.90333353699998, 29.358333333000076 ], [ -87.901514688999953, 29.356818136000072 ], [ -87.9, 29.355952326000079 ], [ -87.891666666999981, 29.352381007000076 ], [ -87.889583332999962, 29.352083333000053 ], [ -87.884721882999941, 29.351388931000031 ], [ -87.883333332999939, 29.351190440000039 ], [ -87.879166666999936, 29.35 ], [ -87.875980631999937, 29.349019623000061 ], [ -87.875, 29.348611069000071 ], [ -87.873485310999968, 29.34848480200003 ], [ -87.866666666999947, 29.35 ], [ -87.858333332999962, 29.35 ], [ -87.85111084, 29.351111094000032 ], [ -87.85, 29.351388931000031 ], [ -87.848611449999964, 29.351388931000031 ], [ -87.84375, 29.352083333000053 ], [ -87.84166666699997, 29.352083333000053 ], [ -87.838333129999967, 29.353333282000051 ], [ -87.837179564999985, 29.353846105000059 ], [ -87.833333332999985, 29.355000051000047 ], [ -87.82976175899995, 29.353571447000036 ], [ -87.827083332999962, 29.35 ], [ -87.826754760999961, 29.348245621000046 ], [ -87.825, 29.34583333300003 ], [ -87.821969603999946, 29.346969732000048 ], [ -87.819697061999989, 29.346969732000048 ], [ -87.816666666999936, 29.347618993000026 ], [ -87.814705403999938, 29.348039246000042 ], [ -87.80833333299995, 29.35 ], [ -87.805768839999985, 29.35576922100006 ], [ -87.804999796999937, 29.358333333000076 ], [ -87.802702839999938, 29.361036046000038 ], [ -87.8, 29.3625 ], [ -87.796153767999954, 29.362179438000055 ], [ -87.795000202999972, 29.361666616000036 ], [ -87.791666666999959, 29.36111106900006 ], [ -87.788888549999967, 29.36111106900006 ], [ -87.785416666999936, 29.360416667000038 ], [ -87.783333332999973, 29.360416667000038 ], [ -87.775, 29.364583333000041 ], [ -87.766666666999981, 29.364583333000041 ], [ -87.765000406999945, 29.365000025000029 ], [ -87.758333332999939, 29.366666667000061 ], [ -87.754166666999936, 29.370833333000064 ], [ -87.75, 29.372916667000027 ], [ -87.748666381999954, 29.373666636000053 ], [ -87.74583333299995, 29.375 ], [ -87.744048054999951, 29.377381007000054 ], [ -87.741666666999947, 29.37916666700005 ], [ -87.739102172999935, 29.380769221000037 ], [ -87.733333332999962, 29.383333333000053 ], [ -87.72750040699998, 29.38583335900006 ], [ -87.725, 29.386111069000037 ], [ -87.721000162999985, 29.387666702000047 ], [ -87.720512898999971, 29.387820562000059 ], [ -87.71666666699997, 29.389166641000031 ], [ -87.71505330399998, 29.390053813000065 ], [ -87.710416666999947, 29.391666667000038 ], [ -87.709166462999974, 29.39250005100007 ], [ -87.708333332999985, 29.392857107000054 ], [ -87.707639953999944, 29.393055268000069 ] ] ], [ [ [ -87.40009598599994, 29.54883452100006 ], [ -87.407024353999986, 29.544842372000062 ], [ -87.404629516999989, 29.546296310000059 ], [ -87.402564493999989, 29.547435888000052 ], [ -87.40009598599994, 29.54883452100006 ] ] ] ] } },
{ "type": "Feature", "properties": { "subarea_id": 3, "area_km2": 2920.6576632734063 }, "geometry": { "type": "MultiPolygon", "coordinates": [ [ [ [ -88.498979314999985, 29.252135370000076 ], [ -88.458520132, 29.086388778000071 ], [ -88.461178588999985, 29.086178843000027 ], [ -88.464367675999938, 29.085632197000052 ], [ -88.46666666699997, 29.085416667000061 ], [ -88.468292235999968, 29.084959412000046 ], [ -88.475, 29.083333333000041 ], [ -88.482978311999943, 29.082978694000076 ], [ -88.483333332999962, 29.082971064000049 ], [ -88.483711750999987, 29.082954534000066 ], [ -88.491288248999979, 29.082954534000066 ], [ -88.491666666999947, 29.082936478000079 ], [ -88.491958617999956, 29.083040873000073 ], [ -88.494444783999938, 29.083333333000041 ], [ -88.499333699999966, 29.084000015000072 ], [ -88.5, 29.084027735000063 ], [ -88.500564574999942, 29.083898290000036 ], [ -88.502778117, 29.083333333000041 ], [ -88.507338459999971, 29.082338333000052 ], [ -88.508333332999939, 29.081999969000037 ], [ -88.511231485999986, 29.080434799000045 ], [ -88.512935383999945, 29.079602051000052 ], [ -88.516666666999981, 29.077083333000076 ], [ -88.518300373999978, 29.076633962000074 ], [ -88.523611449999976, 29.075 ], [ -88.52468566899995, 29.074685542000054 ], [ -88.525, 29.074583308000058 ], [ -88.525757852999959, 29.074242401000049 ], [ -88.530376179999962, 29.072042974000055 ], [ -88.533333332999973, 29.070833333000053 ], [ -88.53624369299996, 29.069576772000062 ], [ -88.541666666999959, 29.06666666700005 ], [ -88.547949218999975, 29.064615377000052 ], [ -88.55, 29.063768133000053 ], [ -88.553471882999986, 29.061805598000035 ], [ -88.557291666999959, 29.059375 ], [ -88.55833333299995, 29.058730189000073 ], [ -88.558601887999941, 29.058602142000041 ], [ -88.559091186999979, 29.058333333000064 ], [ -88.564062499999977, 29.055729167000038 ], [ -88.566666666999936, 29.053947322000056 ], [ -88.569048054999939, 29.052381007000065 ], [ -88.572916666999959, 29.05 ], [ -88.574230956999941, 29.049230830000056 ], [ -88.575, 29.048684184000024 ], [ -88.57892150899994, 29.045588175000034 ], [ -88.58125, 29.04375 ], [ -88.583333332999985, 29.042105230000061 ], [ -88.583585611999979, 29.041919200000052 ], [ -88.58388875299994, 29.041666667000072 ], [ -88.588131713999985, 29.038131332000034 ], [ -88.59166666699997, 29.034803899000053 ], [ -88.592473347999942, 29.034139760000073 ], [ -88.59345194499997, 29.03333333300003 ], [ -88.596605427999975, 29.029938253000068 ], [ -88.6, 29.026281993000055 ], [ -88.600617471999954, 29.025617345000057 ], [ -88.60111084, 29.025 ], [ -88.60439351399998, 29.021060562000059 ], [ -88.608333332999962, 29.016666667000038 ], [ -88.612074787999973, 29.012074788000064 ], [ -88.615384927999969, 29.008333333000053 ], [ -88.615942382999947, 29.007608668000046 ], [ -88.616666666999947, 29.006481425000061 ], [ -88.619583129999967, 29.002916718000051 ], [ -88.621969603999958, 29.0 ], [ -88.623639932999936, 28.998639425000079 ], [ -88.625, 28.997435888000041 ], [ -88.628125, 28.994791667000072 ], [ -88.631818643999964, 28.991666667000061 ], [ -88.633333332999939, 28.990555573000051 ], [ -88.637345377999964, 28.987345632000029 ], [ -88.63888855, 28.98611106900006 ], [ -88.641666666999981, 28.983888880000052 ], [ -88.641993204999949, 28.983660126000075 ], [ -88.642424519999963, 28.983333333000076 ], [ -88.646598306999977, 28.979932022000071 ], [ -88.65, 28.976923116000023 ], [ -88.651087442999938, 28.97608693400008 ], [ -88.652500407, 28.975 ], [ -88.655999755999972, 28.972666677000063 ], [ -88.658333332999973, 28.97083333300003 ], [ -88.660714721999966, 28.969047674000024 ], [ -88.664166259999945, 28.966666667000027 ], [ -88.665686034999965, 28.965686289000075 ], [ -88.666666666999959, 28.965000025000052 ], [ -88.670512898999959, 28.962820562000047 ], [ -88.670918783, 28.962585068000067 ], [ -88.675, 28.960416667000061 ], [ -88.676360066999962, 28.959693909000066 ], [ -88.678703816999985, 28.958333333000041 ], [ -88.681845092999936, 28.956845220000048 ], [ -88.68333333299995, 28.956140391000076 ], [ -88.686666869999954, 28.95500005100007 ], [ -88.687892659999989, 28.954559708000033 ], [ -88.691666666999936, 28.953333282000074 ], [ -88.694182331999968, 28.952515666000068 ], [ -88.69907429999995, 28.95 ], [ -88.699666340999954, 28.949666723000064 ], [ -88.7, 28.94947916700005 ], [ -88.700925699999971, 28.949074046000078 ], [ -88.705435180999984, 28.947101466000049 ], [ -88.708333332999985, 28.945833333000053 ], [ -88.711296589999961, 28.944629669000051 ], [ -88.715079752999941, 28.943253962000028 ], [ -88.71666666699997, 28.942647044000068 ], [ -88.717361449999942, 28.942361069000071 ], [ -88.71875, 28.94166666700005 ], [ -88.723077392999983, 28.939743551000049 ], [ -88.725, 28.939035034000028 ], [ -88.727564493999978, 28.939102554000044 ], [ -88.730951944999958, 28.939285660000053 ], [ -88.733333332999962, 28.939351908000049 ], [ -88.737273153, 28.937272771000039 ], [ -88.738636270999962, 28.936363602000029 ], [ -88.741666666999947, 28.934444427000074 ], [ -88.742347208999945, 28.934013621000076 ], [ -88.743332925999937, 28.933333333000064 ], [ -88.74761861199994, 28.930952326000067 ], [ -88.75, 28.929824575000055 ], [ -88.753333536999946, 28.92833328200004 ], [ -88.756578572999956, 28.926754379000045 ], [ -88.758333332999939, 28.925925954000036 ], [ -88.758974202, 28.925640996000027 ], [ -88.761111449999987, 28.925 ], [ -88.76564127599994, 28.923974355000041 ], [ -88.766666666999981, 28.923718007000048 ], [ -88.768570963999935, 28.923095194000041 ], [ -88.771948241999951, 28.921948369000063 ], [ -88.775, 28.920987701000058 ], [ -88.77833353699998, 28.919999949000044 ], [ -88.783333332999973, 28.918518575000064 ], [ -88.784761555999978, 28.918095271000027 ], [ -88.788888549999967, 28.916666667000072 ], [ -88.791166177999969, 28.916166687000043 ], [ -88.791666666999959, 28.916123199000026 ], [ -88.792447916999947, 28.915885417000027 ], [ -88.798000080999941, 28.914666621000038 ], [ -88.8, 28.913888931000031 ], [ -88.804081216999975, 28.912585068000055 ], [ -88.804220580999981, 28.912554169000032 ], [ -88.80833333299995, 28.91080246000007 ], [ -88.81041666699997, 28.91041666700005 ], [ -88.815278117, 28.909722265000028 ], [ -88.816666666999936, 28.909482702000048 ], [ -88.817543537999939, 28.909210587000075 ], [ -88.821428425999954, 28.90833333300003 ], [ -88.824489338999967, 28.907823181000026 ], [ -88.825, 28.90773811300005 ], [ -88.825793456999975, 28.907539622000058 ], [ -88.831013996999957, 28.906014506000076 ], [ -88.833333332999985, 28.90549647000006 ], [ -88.836986286999945, 28.904680379000069 ], [ -88.837857055999962, 28.904523849000043 ], [ -88.84166666699997, 28.903571447000047 ], [ -88.844892374999972, 28.903225835000057 ], [ -88.84691365599997, 28.903086472000041 ], [ -88.85, 28.902777735000029 ], [ -88.85250040699998, 28.902500025000052 ], [ -88.855978393999976, 28.90235506700003 ], [ -88.858333332999962, 28.902124151000066 ], [ -88.859827676999942, 28.90149421700005 ], [ -88.861616006999952, 28.9 ], [ -88.865116373999967, 28.898449580000033 ], [ -88.866666666999947, 28.897618993000037 ], [ -88.869902546999981, 28.896763738000061 ], [ -88.871468098999969, 28.896467972000039 ], [ -88.875, 28.895321655000032 ], [ -88.877873738999938, 28.894540278000079 ], [ -88.882456461999936, 28.892543920000037 ], [ -88.883333332999939, 28.892234802000075 ], [ -88.883717854999986, 28.89205131500006 ], [ -88.884226480999985, 28.891666667000038 ], [ -88.888995360999957, 28.888995743000066 ], [ -88.891666666999981, 28.887326431000076 ], [ -88.894222004999961, 28.885888926000064 ], [ -88.897142536999979, 28.883333333000053 ], [ -88.898901366999951, 28.882234446000041 ], [ -88.9, 28.881205622000039 ], [ -88.90333353699998, 28.878333282000028 ], [ -88.906205240999952, 28.875 ], [ -88.907291666999981, 28.873958333000076 ], [ -88.908333332999973, 28.873113251000063 ], [ -88.912424722999958, 28.870758438000053 ], [ -88.913636270999973, 28.869696935000036 ], [ -88.916666666999959, 28.867129644000045 ], [ -88.916974893999964, 28.866975276000062 ], [ -88.917460123999945, 28.866666667000061 ], [ -88.922831216999953, 28.864497630000074 ], [ -88.925, 28.863224538000054 ], [ -88.928040567999972, 28.861373901000036 ], [ -88.93125, 28.858333333000076 ], [ -88.932298786999979, 28.857298787000047 ], [ -88.93333333299995, 28.856306203000031 ], [ -88.936524454999983, 28.855141958000047 ], [ -88.938026936999961, 28.854693604000033 ], [ -88.941666666999936, 28.853055573000063 ], [ -88.944017536999979, 28.852350362000038 ], [ -88.95, 28.850555674000077 ], [ -88.950387572999944, 28.850387573000035 ], [ -88.951281737999977, 28.85 ], [ -88.956296793999968, 28.847962952000046 ], [ -88.958333332999985, 28.847222137000074 ], [ -88.961963907999973, 28.84529698700004 ], [ -88.96396382599994, 28.844369253000025 ], [ -88.96666666699997, 28.843055471000071 ], [ -88.967576089999966, 28.842575836000037 ], [ -88.969298298999945, 28.841666667000027 ], [ -88.973047891999954, 28.839714813000057 ], [ -88.975, 28.838738759000023 ], [ -88.978999836999947, 28.837333425000054 ], [ -88.979487100999961, 28.837179565000042 ], [ -88.983333332999962, 28.835897319000026 ], [ -88.984933471999966, 28.834933217000071 ], [ -88.987179564999963, 28.833333333000041 ], [ -88.989637247999951, 28.831304423000063 ], [ -88.991666666999947, 28.829687500000034 ], [ -88.994106037999984, 28.82743911700004 ], [ -88.996839395999984, 28.825 ], [ -88.998363240999936, 28.823362986000063 ], [ -89.0, 28.821474457000079 ], [ -89.002083332999973, 28.81875 ], [ -89.003571573999977, 28.81666666700005 ], [ -89.005864460999987, 28.814197540000066 ], [ -89.008333332999939, 28.81161626200003 ], [ -89.010285440999951, 28.810285187000034 ], [ -89.012846882999952, 28.808333333000064 ], [ -89.014886474999969, 28.806553396000027 ], [ -89.016666666999981, 28.804938253000046 ], [ -89.019387816999938, 28.802721151000071 ], [ -89.024509683999952, 28.8 ], [ -89.024816894999958, 28.799816895000049 ], [ -89.025, 28.79971262600003 ], [ -89.025520832999973, 28.799479167000072 ], [ -89.030435180999973, 28.797101339000051 ], [ -89.033333332999973, 28.795959473000039 ], [ -89.036347452999962, 28.794680786000072 ], [ -89.041203816999939, 28.791666667000072 ], [ -89.041487629999949, 28.791487376000077 ], [ -89.041666666999959, 28.791414134000036 ], [ -89.042021687999977, 28.791312154000025 ], [ -89.048221841999975, 28.789888763000079 ], [ -89.05, 28.78928578700004 ], [ -89.053703816999985, 28.78703715000006 ], [ -89.057143147999966, 28.784523773000046 ], [ -89.05833333299995, 28.783680471000025 ], [ -89.058508300999961, 28.783508809000068 ], [ -89.058641560999945, 28.78333333300003 ], [ -89.059313964999944, 28.782352956000068 ], [ -89.061941527999977, 28.778608195000061 ], [ -89.064166259999979, 28.775 ], [ -89.065053303999946, 28.773387146000061 ], [ -89.066666666999936, 28.770833333000041 ], [ -89.068589273999976, 28.768589783000039 ], [ -89.070416259999945, 28.766666667000038 ], [ -89.072588093999968, 28.764254506000043 ], [ -89.075, 28.762083435000079 ], [ -89.078741454999943, 28.762925212000027 ], [ -89.07967529299998, 28.763008118000073 ], [ -89.083333332999985, 28.763666789000069 ], [ -89.086458332999939, 28.763541667000027 ], [ -89.088333129999967, 28.763333384000077 ], [ -89.09166666699997, 28.763218435000056 ], [ -89.094841511999959, 28.763492076000034 ], [ -89.096892292999939, 28.763559214000054 ], [ -89.1, 28.76380208300003 ], [ -89.104023233999953, 28.762356313000055 ], [ -89.104432169999939, 28.762233988000048 ], [ -89.108333332999962, 28.760952504000045 ], [ -89.112107339999966, 28.762893168000062 ], [ -89.114102172999935, 28.764102681000054 ], [ -89.116666666999947, 28.765591431000075 ], [ -89.117470295999965, 28.765863546000048 ], [ -89.11875, 28.766666667000038 ], [ -89.12291666699997, 28.76875 ], [ -89.125, 28.770114899000077 ], [ -89.127857462999941, 28.769523875000061 ], [ -89.131578572999956, 28.768421173000036 ], [ -89.133333332999939, 28.768000031000042 ], [ -89.134108479999952, 28.767441813000062 ], [ -89.135294595999937, 28.766666667000038 ], [ -89.138172403999988, 28.763172150000059 ], [ -89.141666666999981, 28.758928680000054 ], [ -89.141860961999953, 28.758527120000053 ], [ -89.142013549999945, 28.758333333000053 ], [ -89.142543537999984, 28.757456207000075 ], [ -89.144953409999971, 28.753286489000061 ], [ -89.147221882999986, 28.75 ], [ -89.147916666999947, 28.747916667000027 ], [ -89.148749796999937, 28.742916616000059 ], [ -89.149074299999938, 28.741666667000061 ], [ -89.148649088999946, 28.740315247000069 ], [ -89.147186278999982, 28.736147308000056 ], [ -89.14638875299994, 28.733333333000076 ], [ -89.144922891999954, 28.730076599000029 ], [ -89.143280028999982, 28.726612854000052 ], [ -89.142909328999963, 28.725817530000029 ], [ -89.144276172, 28.715725133000035 ], [ -89.143854776999945, 28.714478048000046 ], [ -89.141666666999981, 28.708333333000041 ], [ -89.138799031999952, 28.702867381000033 ], [ -89.136333210999965, 28.7 ], [ -89.136821492999957, 28.696511587000032 ], [ -89.136879476, 28.695212809000054 ], [ -89.1375, 28.69166666700005 ], [ -89.135714721999989, 28.689285787000074 ], [ -89.133333332999939, 28.687878672000068 ], [ -89.131498209999961, 28.685168203000046 ], [ -89.130302937999943, 28.683333333000064 ], [ -89.130256143999986, 28.680256399000029 ], [ -89.130137125999966, 28.678196462000074 ], [ -89.130092366999975, 28.675 ], [ -89.128780110999969, 28.671219889000042 ], [ -89.128401692999944, 28.670068105000041 ], [ -89.127252196999962, 28.666666667000072 ], [ -89.12713724799994, 28.664529928000036 ], [ -89.125, 28.660714213000063 ], [ -89.124242146999961, 28.659090932000026 ], [ -89.12392476399998, 28.65833333300003 ], [ -89.123869831999968, 28.65720342000003 ], [ -89.124090575999958, 28.650909170000034 ], [ -89.124038695999957, 28.65 ], [ -89.124285888999964, 28.649285634000023 ], [ -89.125, 28.647727203000045 ], [ -89.127468871999952, 28.644135793000032 ], [ -89.128921508999952, 28.641666667000038 ], [ -89.130701700999964, 28.639035034000074 ], [ -89.133333332999939, 28.634166718000074 ], [ -89.133688353999958, 28.633687846000043 ], [ -89.133974202, 28.633333333000053 ], [ -89.138095092999947, 28.62976201400005 ], [ -89.141666666999981, 28.626190440000073 ], [ -89.142241413999955, 28.625574748000076 ], [ -89.142592366999963, 28.625 ], [ -89.14362792999998, 28.623039246000076 ], [ -89.145175170999948, 28.62017542500007 ], [ -89.146929931999978, 28.616666667000061 ], [ -89.14825846399998, 28.614925385000049 ], [ -89.15, 28.613020833000064 ], [ -89.152585855999973, 28.610919444000046 ], [ -89.15625, 28.608333333000076 ], [ -89.157539875999987, 28.607539622000047 ], [ -89.158333332999973, 28.607142893000059 ], [ -89.160255940999946, 28.606410217000075 ], [ -89.163506062999943, 28.605172475000074 ], [ -89.166666666999959, 28.603968302000055 ], [ -89.170212808999963, 28.603546143000074 ], [ -89.171774291999952, 28.603225708000025 ], [ -89.175, 28.602777863000028 ], [ -89.176851399999975, 28.601851908000071 ], [ -89.182143147999966, 28.6 ], [ -89.183012898999948, 28.599679565000031 ], [ -89.18333333299995, 28.599603271000035 ], [ -89.183888752999962, 28.599444326000025 ], [ -89.189247639999962, 28.597580719000064 ], [ -89.191666666999936, 28.597000122000054 ], [ -89.194564818999936, 28.594565328000044 ], [ -89.195588174999955, 28.591666667000027 ], [ -89.196628824999948, 28.588296 ], [ -89.197407022999982, 28.585925802000077 ], [ -89.198232014999974, 28.583333333000041 ], [ -89.198784382999975, 28.582117971000059 ], [ -89.2, 28.578846232000046 ], [ -89.201315307999948, 28.576315816000033 ], [ -89.201999918999945, 28.575 ], [ -89.204650878999985, 28.571317800000031 ], [ -89.208333332999985, 28.567802938000057 ], [ -89.209226480999973, 28.567559560000063 ], [ -89.213333129999967, 28.56666666700005 ], [ -89.215853881999976, 28.56585362800007 ], [ -89.21666666699997, 28.565277863000063 ], [ -89.219872029999976, 28.561538442000028 ], [ -89.221875, 28.558333333000064 ], [ -89.22256062799994, 28.55589421600007 ], [ -89.22420654299998, 28.55079371100004 ], [ -89.224444579999954, 28.55 ], [ -89.224666340999988, 28.549666595000076 ], [ -89.225, 28.549166616000036 ], [ -89.228946939999958, 28.545614115000035 ], [ -89.230555215999971, 28.544444529000032 ], [ -89.233333332999962, 28.542361196000058 ], [ -89.233796182999981, 28.542129517000035 ], [ -89.2375, 28.541666667000072 ], [ -89.241279092999946, 28.541279093000071 ], [ -89.241666666999947, 28.541250102000049 ], [ -89.242117309999969, 28.541216278000036 ], [ -89.248889159999976, 28.540555573000063 ], [ -89.25, 28.540476227000056 ], [ -89.251470946999973, 28.540195974000028 ], [ -89.256349690999969, 28.539682515000038 ], [ -89.258333332999939, 28.539215597000066 ], [ -89.261508178999975, 28.536507924000034 ], [ -89.265000406999945, 28.53333333300003 ], [ -89.265931192999972, 28.532598114000052 ], [ -89.266666666999981, 28.532083384000032 ], [ -89.270238240999959, 28.529762014000028 ], [ -89.270967610999946, 28.529301198000041 ], [ -89.275, 28.526388804000078 ], [ -89.275819905999981, 28.525819651000063 ], [ -89.27708333299995, 28.525 ], [ -89.281060790999959, 28.522727203000045 ], [ -89.283333332999973, 28.521739197000045 ], [ -89.287222289999988, 28.520555623000064 ], [ -89.288095092999981, 28.520237986000041 ], [ -89.291666666999959, 28.519047546000024 ], [ -89.295238240999936, 28.520237986000041 ], [ -89.296211750999987, 28.520454661000031 ], [ -89.3, 28.522222137000028 ], [ -89.303788248999979, 28.521212006000042 ], [ -89.304386392999959, 28.521052551000025 ], [ -89.30833333299995, 28.519999949000066 ], [ -89.311190795999948, 28.519523875000061 ], [ -89.313978067999983, 28.519354757000031 ], [ -89.316666666999936, 28.51898142500005 ], [ -89.318699136999953, 28.518699137000056 ], [ -89.322967528999982, 28.518699137000056 ], [ -89.325, 28.518478139000024 ], [ -89.326666259999968, 28.518333435000045 ], [ -89.332843017999949, 28.517156982000074 ], [ -89.333333332999985, 28.517105357000048 ], [ -89.334091186999956, 28.517424266000035 ], [ -89.339000447999979, 28.519333394000057 ], [ -89.34166666699997, 28.520588175000057 ], [ -89.344727579999983, 28.521938833000036 ], [ -89.348413085999937, 28.523412577000045 ], [ -89.35, 28.524074046000067 ], [ -89.350833129999955, 28.524166616000059 ], [ -89.357197061999955, 28.523863729000027 ], [ -89.358333332999962, 28.523958333000053 ], [ -89.359804280999981, 28.523529307000047 ], [ -89.363809203999949, 28.522142792000068 ], [ -89.366666666999947, 28.521428680000042 ], [ -89.369697061999943, 28.519697062000034 ], [ -89.372463988999982, 28.516666667000038 ], [ -89.37370402, 28.515370433000044 ], [ -89.375, 28.514130402000035 ], [ -89.37799173999997, 28.513675181000053 ], [ -89.379812621999974, 28.513145447000056 ], [ -89.383333332999939, 28.512760417000038 ], [ -89.386419677999982, 28.513580322000053 ], [ -89.389443969999945, 28.51444447800003 ], [ -89.391666666999981, 28.515053813000065 ], [ -89.39294840499997, 28.515384674000074 ], [ -89.396666462999974, 28.516666667000038 ], [ -89.399215697999978, 28.517450968000048 ], [ -89.4, 28.517741903000058 ], [ -89.401333617999967, 28.518000031000042 ], [ -89.406451415999982, 28.518548330000044 ], [ -89.408333332999973, 28.518999990000054 ], [ -89.409615071999951, 28.517948659000069 ], [ -89.411764525999956, 28.516666667000038 ], [ -89.414835612, 28.514835103000053 ], [ -89.416666666999959, 28.513194529000032 ], [ -89.419023640999967, 28.510690308000051 ], [ -89.421153767999954, 28.508333333000053 ], [ -89.423131306999949, 28.506464132000076 ], [ -89.425, 28.504629517000069 ], [ -89.428425089999962, 28.503424581000047 ], [ -89.430808511999942, 28.502525330000026 ], [ -89.43333333299995, 28.501602681000065 ], [ -89.435034179999946, 28.501700592000077 ], [ -89.439619953999966, 28.502046712000038 ], [ -89.441666666999936, 28.502160390000029 ], [ -89.444259643999942, 28.502592468000046 ], [ -89.447278848999986, 28.50272115100006 ], [ -89.45, 28.503333282000028 ], [ -89.452150471999971, 28.502150472000039 ], [ -89.45606079099997, 28.5 ], [ -89.457586669999955, 28.499253845000055 ], [ -89.458333332999985, 28.499074046000032 ], [ -89.459194945999968, 28.499137878000056 ], [ -89.466049193999936, 28.499382782000055 ], [ -89.46666666699997, 28.499425252000037 ], [ -89.467088825999951, 28.499578094000071 ], [ -89.468333434999977, 28.5 ], [ -89.472948709999969, 28.502051290000054 ], [ -89.475, 28.502898661000074 ], [ -89.478846231999967, 28.504487101000052 ], [ -89.479729715999952, 28.504729716000043 ], [ -89.483333332999962, 28.505952454000067 ], [ -89.484939574999942, 28.506726837000031 ], [ -89.48809509299997, 28.508333333000053 ], [ -89.48737386099998, 28.512373861000071 ], [ -89.48737386099998, 28.512626139000076 ], [ -89.486842345999946, 28.516666667000038 ], [ -89.488207498999941, 28.520125834000055 ], [ -89.488792927999953, 28.522126516000071 ], [ -89.489772541999969, 28.525 ], [ -89.490895080999962, 28.525771586000076 ], [ -89.491666666999947, 28.526225535000037 ], [ -89.494642638999949, 28.527976227000067 ], [ -89.496111042999985, 28.528888957000049 ], [ -89.5, 28.530833435000034 ], [ -89.502127583999936, 28.531205750000026 ], [ -89.506045531999973, 28.531045787000039 ], [ -89.508333332999939, 28.531321716000036 ], [ -89.509988402999966, 28.531678518000035 ], [ -89.5125, 28.53333333300003 ], [ -89.514423115999989, 28.535576884000079 ], [ -89.516666666999981, 28.541666667000072 ], [ -89.521031697999945, 28.545634969000048 ], [ -89.525, 28.545597585000053 ], [ -89.527408345999959, 28.544075267000039 ], [ -89.530787149999981, 28.541666667000072 ], [ -89.532187397999962, 28.540520732000061 ], [ -89.533333332999973, 28.539903768000045 ], [ -89.537283324999976, 28.537283325000033 ], [ -89.538792927999964, 28.536206818000039 ], [ -89.541666666999959, 28.534183757000051 ], [ -89.54285736099996, 28.534523773000046 ], [ -89.548255919999974, 28.535077413000067 ], [ -89.55, 28.535919444000058 ], [ -89.552975971999956, 28.538690440000039 ], [ -89.556172688999936, 28.541666667000072 ], [ -89.557368977999943, 28.542630768000038 ], [ -89.55833333299995, 28.543489583000053 ], [ -89.561666869999954, 28.54666671800004 ], [ -89.565774027999964, 28.55 ], [ -89.566307067999958, 28.550359599000046 ], [ -89.566666666999936, 28.550520833000064 ], [ -89.567424010999957, 28.550757599000065 ], [ -89.572955830999945, 28.55204391500007 ], [ -89.575, 28.552850850000027 ], [ -89.577928161999978, 28.552927907000026 ], [ -89.580405171999985, 28.552927907000026 ], [ -89.583333332999985, 28.553009288000055 ], [ -89.585358174999953, 28.552024841000048 ], [ -89.591071573999955, 28.55 ], [ -89.59151763899996, 28.549851227000033 ], [ -89.59166666699997, 28.549702454000055 ], [ -89.591948953999974, 28.549717458000032 ], [ -89.598734028999957, 28.548734283000044 ], [ -89.6, 28.548780568000041 ], [ -89.601315815999953, 28.548684184000024 ], [ -89.606628926999974, 28.548295339000049 ], [ -89.608333332999962, 28.548170726000023 ], [ -89.609696959999951, 28.548636373000079 ], [ -89.615833536999958, 28.55 ], [ -89.616519164999943, 28.550147502000073 ], [ -89.616666666999947, 28.550181071000054 ], [ -89.616773986999988, 28.550107574000037 ], [ -89.616975402999969, 28.55 ], [ -89.62242075599994, 28.547420756000065 ], [ -89.625, 28.54666671800004 ], [ -89.627691649999974, 28.547308604000079 ], [ -89.631835428999977, 28.548501841000075 ], [ -89.633333332999939, 28.548888906000059 ], [ -89.634473164999974, 28.548860423000065 ], [ -89.640427143999943, 28.548760223000045 ], [ -89.641666666999981, 28.548728689000029 ], [ -89.643565368999987, 28.548101298000063 ], [ -89.647391255999935, 28.547391256000026 ], [ -89.65, 28.546052551000059 ], [ -89.65416666699997, 28.545833333000076 ], [ -89.658333332999973, 28.545535787000063 ], [ -89.660022480999942, 28.548310852000043 ], [ -89.661904906999951, 28.55 ], [ -89.664983113999938, 28.551683553000032 ], [ -89.666666666999959, 28.552380880000044 ], [ -89.668358865999949, 28.551691945000073 ], [ -89.671875, 28.55 ], [ -89.67397460899997, 28.548974355000041 ], [ -89.675, 28.548765310000078 ], [ -89.67634226499996, 28.548657735000063 ], [ -89.68097279899996, 28.547639465000032 ], [ -89.68333333299995, 28.547500102000072 ], [ -89.686153665999939, 28.547179413000038 ], [ -89.688454691999937, 28.546787771000027 ], [ -89.691666666999936, 28.546466573000032 ], [ -89.694279988999938, 28.547386678000066 ], [ -89.699530537999976, 28.549530538000056 ], [ -89.7, 28.549710083000036 ], [ -89.700266519999957, 28.549733226000058 ], [ -89.701515197999981, 28.55 ], [ -89.706870014999936, 28.55146331800006 ], [ -89.708333332999985, 28.55197372400005 ], [ -89.710244241999987, 28.551910909000071 ], [ -89.715333556999951, 28.551333364000072 ], [ -89.71666666699997, 28.551281993000032 ], [ -89.717381794999937, 28.550715383000068 ], [ -89.71820983899994, 28.55 ], [ -89.722426859999985, 28.54742686000003 ], [ -89.725, 28.546057383000061 ], [ -89.728963724999971, 28.546036021000077 ], [ -89.729510497999968, 28.54617741900006 ], [ -89.733333332999962, 28.546142069000041 ], [ -89.734643555, 28.548689779000028 ], [ -89.735027058999947, 28.55 ], [ -89.736925251999935, 28.553591919000041 ], [ -89.737301635999984, 28.554365031000032 ], [ -89.739805602999979, 28.558333333000064 ], [ -89.740745035999964, 28.559254710000062 ], [ -89.741666666999947, 28.559957631000032 ], [ -89.745744831999957, 28.562411245000078 ], [ -89.745856729999957, 28.562476349000065 ], [ -89.75, 28.56525166800003 ], [ -89.751587422999989, 28.56507924400006 ], [ -89.756372578999958, 28.564705912000079 ], [ -89.758333332999939, 28.564478048000069 ], [ -89.762202453999976, 28.56279754600007 ], [ -89.762630207999962, 28.56263020800003 ], [ -89.766666666999981, 28.560588328000051 ], [ -89.769661457999973, 28.561328125000045 ], [ -89.771770731999936, 28.561562602000038 ], [ -89.775, 28.562711843000045 ], [ -89.777232868999988, 28.564433797000049 ], [ -89.77916666699997, 28.56666666700005 ], [ -89.780928039999935, 28.569072215000062 ], [ -89.782963052999946, 28.574629720000075 ], [ -89.783139546999962, 28.575 ], [ -89.783333332999973, 28.575378672000056 ], [ -89.785964965999938, 28.580701701000066 ], [ -89.78697916699997, 28.583333333000041 ], [ -89.786376952999944, 28.586376699000027 ], [ -89.784863789999974, 28.59013595600004 ], [ -89.784436034999942, 28.591666667000027 ], [ -89.784436034999942, 28.592769623000038 ], [ -89.783908080999936, 28.59942525200006 ], [ -89.783908080999936, 28.6 ], [ -89.784166462999963, 28.600833384000055 ], [ -89.78446960399998, 28.607197062000068 ], [ -89.785256448999974, 28.608333333000076 ], [ -89.789583332999939, 28.610416667000038 ], [ -89.791666666999959, 28.611065674000031 ], [ -89.795662943999957, 28.612670644000048 ], [ -89.79645385699996, 28.613120524000067 ], [ -89.8, 28.614930471000037 ], [ -89.801754251999967, 28.614912160000074 ], [ -89.806231180999987, 28.614564514000051 ], [ -89.80833333299995, 28.614545441000075 ], [ -89.809829202999936, 28.615171051000061 ], [ -89.8125, 28.616666667000061 ], [ -89.815475971999945, 28.617857107000077 ], [ -89.816666666999936, 28.618007660000046 ], [ -89.820833332999939, 28.620833333000064 ], [ -89.824177042999963, 28.625 ], [ -89.824396768999975, 28.625603231000071 ], [ -89.825, 28.626234690000047 ], [ -89.827721150999935, 28.62772115100006 ], [ -89.829617817999974, 28.628715515000067 ], [ -89.833333332999985, 28.630952454000067 ], [ -89.837426757999935, 28.629239655000049 ], [ -89.837530517999937, 28.629197184000077 ], [ -89.84166666699997, 28.627430471000025 ], [ -89.842804971999954, 28.62613830600003 ], [ -89.84375, 28.625 ], [ -89.846174621999978, 28.621174876000055 ], [ -89.847849527999983, 28.618817139000043 ], [ -89.849346414999957, 28.616666667000061 ], [ -89.849425251999946, 28.616091919000041 ], [ -89.85, 28.614814758000023 ], [ -89.851413980999951, 28.609747569000035 ], [ -89.85248209599996, 28.608333333000076 ], [ -89.855243428999984, 28.605243429000041 ], [ -89.858333332999962, 28.603591919000053 ], [ -89.861836750999942, 28.604830170000071 ], [ -89.865765888999988, 28.608333333000076 ], [ -89.866264851999972, 28.608734894000065 ], [ -89.866666666999947, 28.609188080000024 ], [ -89.868333434999954, 28.610000102000072 ], [ -89.872395832999985, 28.610937500000034 ], [ -89.875, 28.614743551000061 ], [ -89.877732339999966, 28.611065674000031 ], [ -89.881124620999969, 28.609859461000042 ], [ -89.890621932999977, 28.70701966200005 ], [ -89.89040883399997, 28.70707550000003 ], [ -89.886904906999973, 28.708333333000041 ], [ -89.884524027999987, 28.709523773000058 ], [ -89.883333332999939, 28.710256449000042 ], [ -89.880952453999953, 28.710714213000074 ], [ -89.876960753999981, 28.710294088000069 ], [ -89.875, 28.711111196000047 ], [ -89.872436014999948, 28.710897319000026 ], [ -89.868518574999939, 28.710185242000023 ], [ -89.866666666999947, 28.710000102000038 ], [ -89.865151468999954, 28.709848531000034 ], [ -89.858333332999962, 28.708333333000041 ], [ -89.853703816999939, 28.704629517000058 ], [ -89.85, 28.7 ], [ -89.845000202999984, 28.696666718000074 ], [ -89.84166666699997, 28.69166666700005 ], [ -89.837745157999962, 28.687254842000073 ], [ -89.836538696, 28.683333333000064 ], [ -89.834745788999953, 28.681920878000028 ], [ -89.834313964999978, 28.67598037700003 ], [ -89.833928425999943, 28.675 ], [ -89.833727009999961, 28.674606323000035 ], [ -89.833333332999985, 28.672916667000038 ], [ -89.82976175899995, 28.670237986000075 ], [ -89.827563984999983, 28.666666667000072 ], [ -89.825647480999976, 28.666019440000071 ], [ -89.825, 28.665656535000039 ], [ -89.824250792999976, 28.665917714000045 ], [ -89.821666462999985, 28.666666667000072 ], [ -89.820115152999961, 28.670114899000055 ], [ -89.818518574999985, 28.673148092000076 ], [ -89.817592366999975, 28.675 ], [ -89.817261758999962, 28.675595347000069 ], [ -89.816666666999936, 28.676190440000028 ], [ -89.814705911999965, 28.681372579000026 ], [ -89.81041666699997, 28.683333333000064 ], [ -89.809567768999955, 28.684568024000043 ], [ -89.80833333299995, 28.685185242000045 ], [ -89.807183837999958, 28.684482829000046 ], [ -89.806666564999944, 28.683333333000064 ], [ -89.802298990999986, 28.681034597000064 ], [ -89.8, 28.676666768000075 ], [ -89.798245747999943, 28.676754506000066 ], [ -89.794444274999989, 28.675 ], [ -89.792778014999953, 28.673888906000059 ], [ -89.791666666999959, 28.673333232000061 ], [ -89.790625, 28.67395833300003 ], [ -89.788889057999938, 28.675 ], [ -89.785897318999957, 28.677563985000063 ], [ -89.783333332999973, 28.679166667000061 ], [ -89.781372578999935, 28.681372579000026 ], [ -89.775, 28.683333333000064 ], [ -89.770370482999965, 28.679629517000023 ], [ -89.770238240999959, 28.67857132000006 ], [ -89.76875, 28.675 ], [ -89.768452453999942, 28.673214213000051 ], [ -89.766666666999981, 28.66875 ], [ -89.763889057999961, 28.669444529000032 ], [ -89.761666869999942, 28.669999949000044 ], [ -89.758333332999939, 28.670833333000076 ], [ -89.755769347999944, 28.672436015000073 ], [ -89.75, 28.675 ], [ -89.741666666999947, 28.675 ], [ -89.735714212999937, 28.677380880000044 ], [ -89.733333332999962, 28.677777863000074 ], [ -89.725, 28.680555471000048 ], [ -89.721666462999963, 28.67833328200004 ], [ -89.719444274999944, 28.675 ], [ -89.718055724999942, 28.673611196000024 ], [ -89.71666666699997, 28.672916667000038 ], [ -89.708333332999985, 28.672916667000038 ], [ -89.705555724999954, 28.672222137000063 ], [ -89.703333536999935, 28.67166671800004 ], [ -89.7, 28.670833333000076 ], [ -89.696969603999946, 28.671969604000026 ], [ -89.691666666999936, 28.675 ], [ -89.68333333299995, 28.675 ], [ -89.675, 28.675 ], [ -89.675, 28.683333333000064 ], [ -89.666666666999959, 28.683333333000064 ], [ -89.661666869999976, 28.686666616000025 ], [ -89.658333332999973, 28.6875 ], [ -89.655555724999942, 28.688888804000044 ], [ -89.65416666699997, 28.69166666700005 ], [ -89.651666767999984, 28.693333435000056 ], [ -89.65, 28.69375 ], [ -89.647916666999947, 28.69375 ], [ -89.641666666999981, 28.69166666700005 ], [ -89.635714212999972, 28.694047546000036 ], [ -89.633333332999939, 28.694444529000066 ], [ -89.63125, 28.69375 ], [ -89.625, 28.69166666700005 ], [ -89.620370482999988, 28.695370483000033 ], [ -89.616666666999947, 28.7 ], [ -89.6125, 28.704166667000038 ], [ -89.608333332999962, 28.705555471000025 ], [ -89.606666564999955, 28.706666565000035 ], [ -89.6, 28.708333333000041 ], [ -89.59166666699997, 28.7125 ], [ -89.589285786999937, 28.714285787000051 ], [ -89.5875, 28.716666667000027 ], [ -89.583333332999985, 28.72083333300003 ], [ -89.580555724999954, 28.722222137000074 ], [ -89.579166666999981, 28.725 ], [ -89.576851907999981, 28.726851908000071 ], [ -89.575, 28.727777863000028 ], [ -89.572916666999959, 28.727083333000053 ], [ -89.566666666999936, 28.725 ], [ -89.561110941999971, 28.727777863000028 ], [ -89.55833333299995, 28.728333282000051 ], [ -89.555391946999976, 28.730392202000075 ], [ -89.552083332999985, 28.733333333000076 ], [ -89.550877379999974, 28.734210459000053 ], [ -89.55, 28.735000102000072 ], [ -89.547222391999981, 28.736111196000024 ], [ -89.545000202999972, 28.736666616000036 ], [ -89.541666666999959, 28.738888804000055 ], [ -89.539285786999983, 28.739285787000028 ], [ -89.533333332999973, 28.741666667000061 ], [ -89.526666767999984, 28.743333435000068 ], [ -89.525, 28.74375 ], [ -89.51875, 28.75 ], [ -89.518181863999985, 28.75151519800005 ], [ -89.516666666999981, 28.752777863000063 ], [ -89.51410268099994, 28.755769348000058 ], [ -89.508333332999939, 28.758333333000053 ], [ -89.5, 28.758333333000053 ], [ -89.495000202999961, 28.76166661600007 ], [ -89.491666666999947, 28.7625 ], [ -89.489583332999985, 28.764583333000076 ], [ -89.485416666999981, 28.764583333000076 ], [ -89.483333332999962, 28.765277863000051 ], [ -89.482352701999957, 28.76568628900003 ], [ -89.47598063199996, 28.76568628900003 ], [ -89.475, 28.765909068000042 ], [ -89.47462107299998, 28.766287994000038 ], [ -89.474561563999941, 28.766666667000038 ], [ -89.474382527999978, 28.76728388500004 ], [ -89.473924763999946, 28.773924764000071 ], [ -89.473333231999959, 28.775 ], [ -89.469918822999944, 28.778252157000054 ], [ -89.46666666699997, 28.779444377000061 ], [ -89.463821410999969, 28.780487823000044 ], [ -89.460333251999941, 28.781333415000063 ], [ -89.458333332999985, 28.781944529000043 ], [ -89.456944783999973, 28.781944529000043 ], [ -89.451666259999968, 28.781666565000023 ], [ -89.45, 28.781666565000023 ], [ -89.447101846999942, 28.780434672000069 ], [ -89.445085652999978, 28.779914602000076 ], [ -89.441666666999936, 28.777272797000023 ], [ -89.437745157999984, 28.779411825000068 ], [ -89.436111449999942, 28.78333333300003 ], [ -89.43535359699996, 28.785353597000039 ], [ -89.43333333299995, 28.7875 ], [ -89.429411824999988, 28.787254842000038 ], [ -89.428571573999989, 28.78333333300003 ], [ -89.428333536999958, 28.780000051000059 ], [ -89.427381387999958, 28.777380880000067 ], [ -89.427083332999985, 28.775 ], [ -89.427083332999985, 28.772916667000061 ], [ -89.425, 28.770833333000041 ], [ -89.421666462999951, 28.771666718000063 ], [ -89.420370482999942, 28.771296183000061 ], [ -89.416666666999959, 28.771666718000063 ], [ -89.413888549999967, 28.772222137000028 ], [ -89.410416666999936, 28.772916667000061 ], [ -89.408333332999973, 28.773333232000027 ], [ -89.406818643999941, 28.773484802000041 ], [ -89.4, 28.775 ], [ -89.394444783999973, 28.77777786300004 ], [ -89.38888855, 28.780555471000071 ], [ -89.383333332999939, 28.78333333300003 ], [ -89.377381387999947, 28.785714213000063 ], [ -89.375, 28.785714213000063 ], [ -89.37083333299995, 28.7875 ], [ -89.366666666999947, 28.789999898000076 ], [ -89.365686034999953, 28.790686289000064 ], [ -89.364583332999985, 28.791666667000072 ], [ -89.3625, 28.795833333000076 ], [ -89.358333332999962, 28.8 ], [ -89.352222696999945, 28.80222218800003 ], [ -89.35, 28.802777863000074 ], [ -89.346078490999957, 28.804411825000045 ], [ -89.345000202999984, 28.805000051000036 ], [ -89.34166666699997, 28.806666565000057 ], [ -89.340686034999976, 28.807352956000045 ], [ -89.33958333299995, 28.808333333000064 ], [ -89.335833739999941, 28.81083323200005 ], [ -89.330832925999971, 28.814166768000064 ], [ -89.325, 28.81666666700005 ], [ -89.32119038899998, 28.821190389000037 ], [ -89.319872029999942, 28.825 ], [ -89.319117227999982, 28.827451070000052 ], [ -89.316666666999936, 28.830952454000055 ], [ -89.31333313, 28.83000005100007 ], [ -89.30833333299995, 28.833333333000041 ], [ -89.302564493999967, 28.835897319000026 ], [ -89.3, 28.836111196000047 ], [ -89.296296182999981, 28.837962850000054 ], [ -89.291666666999959, 28.841666667000027 ], [ -89.288333129999955, 28.846666718000051 ], [ -89.283333332999973, 28.85 ], [ -89.277940876999935, 28.852941132000069 ], [ -89.275, 28.854166667000072 ], [ -89.270000202999938, 28.858333333000076 ], [ -89.269697061999977, 28.861363729000061 ], [ -89.270175170999948, 28.863157908000062 ], [ -89.270000202999938, 28.866666667000061 ], [ -89.269048054999985, 28.869047674000058 ], [ -89.266666666999981, 28.873333359000071 ], [ -89.265151977999949, 28.873484802000064 ], [ -89.258333332999939, 28.875 ], [ -89.251851399999964, 28.873148092000065 ], [ -89.25, 28.872222265000062 ], [ -89.246969603999958, 28.869696935000036 ], [ -89.244048054999951, 28.869047674000058 ], [ -89.241666666999947, 28.868055598000069 ], [ -89.239285277999954, 28.869047674000058 ], [ -89.23695678699994, 28.870289866000064 ], [ -89.233333332999962, 28.871296310000048 ], [ -89.229999796999948, 28.871666718000029 ], [ -89.228125, 28.871875 ], [ -89.225, 28.872222265000062 ], [ -89.223571776999961, 28.873571396000045 ], [ -89.221875, 28.875 ], [ -89.218918863999988, 28.877252197000075 ], [ -89.21666666699997, 28.878787867000028 ], [ -89.2125, 28.87916666700005 ], [ -89.208333332999985, 28.879629644000033 ], [ -89.2, 28.879629644000033 ], [ -89.197777302999953, 28.881111145000034 ], [ -89.192592366999975, 28.882407379000028 ], [ -89.191666666999936, 28.882777786000077 ], [ -89.191296386999966, 28.882962926000062 ], [ -89.190625, 28.883333333000053 ], [ -89.18709716799998, 28.887096786000029 ], [ -89.18333333299995, 28.890625 ], [ -89.182407632999968, 28.890740712000024 ], [ -89.175925699999937, 28.890740712000024 ], [ -89.175, 28.890833282000074 ], [ -89.174305215999937, 28.890972265000073 ], [ -89.172916666999981, 28.891666667000038 ], [ -89.168840534999958, 28.893840535000038 ], [ -89.166666666999959, 28.894166692000056 ], [ -89.164394123999955, 28.893939336000074 ], [ -89.160605875999977, 28.893939336000074 ], [ -89.158333332999973, 28.89375 ], [ -89.156818643999941, 28.893181864000042 ], [ -89.150666299999955, 28.892333349000069 ], [ -89.15, 28.892156855000053 ], [ -89.149495442999978, 28.892171733000055 ], [ -89.142567951999979, 28.892567571000029 ], [ -89.141666666999981, 28.892592621000063 ], [ -89.140555826999957, 28.892777761000048 ], [ -89.135316975999956, 28.893650818000026 ], [ -89.133333332999939, 28.89398142500005 ], [ -89.13012797, 28.89487177500007 ], [ -89.128571573999977, 28.895238113000062 ], [ -89.125, 28.896354167000027 ], [ -89.116666666999947, 28.897395833000076 ], [ -89.114216104999969, 28.897549057000049 ], [ -89.11078389499994, 28.897549057000049 ], [ -89.108333332999962, 28.897685242000023 ], [ -89.106632486999956, 28.89829928100005 ], [ -89.104166666999959, 28.9 ], [ -89.101937865999957, 28.901937993000047 ], [ -89.1, 28.904629644000067 ], [ -89.097979735999957, 28.906313070000067 ], [ -89.09333292599996, 28.90833333300003 ], [ -89.092117309999935, 28.908783722000067 ], [ -89.09166666699997, 28.908888880000063 ], [ -89.08771158899998, 28.912711843000068 ], [ -89.085526529999981, 28.916666667000072 ], [ -89.08503417999998, 28.918367386000057 ], [ -89.083333332999985, 28.920833333000076 ], [ -89.080951944999981, 28.922618993000071 ], [ -89.076449584999978, 28.923550669000065 ], [ -89.075, 28.924122747000069 ], [ -89.074259439999935, 28.92425931300005 ], [ -89.072618611999985, 28.925 ], [ -89.069191487999944, 28.927525202000027 ], [ -89.066666666999936, 28.928472265000039 ], [ -89.062902831999963, 28.929569880000031 ], [ -89.061841837999964, 28.929824575000055 ], [ -89.05833333299995, 28.930769221000048 ], [ -89.056481933999976, 28.931481425000072 ], [ -89.05166626, 28.933333333000064 ], [ -89.050640868999949, 28.933974330000069 ], [ -89.05, 28.934523773000024 ], [ -89.046428425999977, 28.938095220000037 ], [ -89.04375, 28.93958333300003 ], [ -89.041666666999959, 28.940909068000053 ], [ -89.041228231, 28.941228104000061 ], [ -89.040476480999985, 28.94166666700005 ], [ -89.036781819999987, 28.945114899000032 ], [ -89.033333332999973, 28.94722226500005 ], [ -89.031770832999939, 28.948437500000068 ], [ -89.030208332999962, 28.95 ], [ -89.028788248999945, 28.953787867000074 ], [ -89.027778116999968, 28.955555598000046 ], [ -89.026388549999979, 28.958333333000041 ], [ -89.025724283999978, 28.959057999000038 ], [ -89.025, 28.959722265000039 ], [ -89.021376545999942, 28.963043467000034 ], [ -89.016666666999981, 28.966666667000027 ], [ -89.011666869999942, 28.969999949000055 ], [ -89.008333332999939, 28.971428553000067 ], [ -89.006060790999982, 28.972727331000044 ], [ -89.0, 28.975 ], [ -88.99666646299994, 28.980000051000047 ], [ -88.993332925999937, 28.983333333000076 ], [ -88.992499796999937, 28.98416671800004 ], [ -88.991666666999947, 28.984999975000051 ], [ -88.987962849999974, 28.987962977000052 ], [ -88.986111449999953, 28.988888931000076 ], [ -88.983333332999962, 28.990476227000045 ], [ -88.982609048999961, 28.990942001000064 ], [ -88.98194478399995, 28.991666667000061 ], [ -88.982963052999935, 28.992037074000052 ], [ -88.983333332999962, 28.994444402000056 ], [ -88.985088094, 28.998245621000024 ], [ -88.984999592999941, 29.0 ], [ -88.984187825999982, 29.000854747000062 ], [ -88.983333332999962, 29.001388931000065 ], [ -88.980882771999973, 29.005882390000068 ], [ -88.975757852999948, 29.008333333000053 ], [ -88.975396728999954, 29.008730189000062 ], [ -88.975, 29.008928553000032 ], [ -88.972789509999984, 29.01445579500006 ], [ -88.97007548, 29.016666667000038 ], [ -88.968779499999982, 29.018779373000029 ], [ -88.96666666699997, 29.020416641000054 ], [ -88.963988240999981, 29.019345220000048 ], [ -88.961666869999988, 29.016666667000038 ], [ -88.959648640999944, 29.015350850000061 ], [ -88.958333332999985, 29.008333333000053 ], [ -88.953125, 29.011458333000064 ], [ -88.95, 29.014583333000076 ], [ -88.949275715999988, 29.015942001000042 ], [ -88.94907429999995, 29.016666667000038 ], [ -88.948148599999968, 29.01851857500003 ], [ -88.946551513999964, 29.021551768000052 ], [ -88.94500020299995, 29.025 ], [ -88.944332885999984, 29.027666728000042 ], [ -88.941666666999936, 29.03333333300003 ], [ -88.940384927999958, 29.040384674000052 ], [ -88.939583332999973, 29.041666667000072 ], [ -88.935605875999954, 29.043939336000051 ], [ -88.93333333299995, 29.045238113000039 ], [ -88.93043518099995, 29.047101466000072 ], [ -88.925, 29.05 ], [ -88.919697061999955, 29.053030268000043 ], [ -88.916666666999959, 29.054761887000041 ], [ -88.914583332999939, 29.05625 ], [ -88.911666869999976, 29.058333333000064 ], [ -88.909782917999962, 29.059782664000068 ], [ -88.908333332999973, 29.061111069000049 ], [ -88.905768839999951, 29.064102554000044 ], [ -88.903571573999955, 29.06666666700005 ], [ -88.901666259999956, 29.068333308000035 ], [ -88.9, 29.069791667000061 ], [ -88.896794636999971, 29.071794891000025 ], [ -88.893055215999937, 29.075 ], [ -88.892460123999967, 29.075793711000074 ], [ -88.891666666999981, 29.076666641000031 ], [ -88.888333129999978, 29.08000005100007 ], [ -88.884999592999975, 29.083333333000041 ], [ -88.884313965, 29.08431371100005 ], [ -88.883333332999939, 29.084999975000073 ], [ -88.88015848799995, 29.088492076000023 ], [ -88.877778117, 29.091666667000027 ], [ -88.876666259999979, 29.093333308000069 ], [ -88.875, 29.09583333300003 ], [ -88.873148599999979, 29.098148092000031 ], [ -88.87166646299994, 29.1 ], [ -88.869444783999938, 29.102777735000075 ], [ -88.866666666999947, 29.10625 ], [ -88.864583332999985, 29.108333333000076 ], [ -88.858333332999962, 29.114583333000041 ], [ -88.857051594999973, 29.11538467400004 ], [ -88.854166666999959, 29.116666667000061 ], [ -88.85098063199996, 29.117647044000023 ], [ -88.85, 29.117708333000053 ], [ -88.849123127999974, 29.11754392000006 ], [ -88.84166666699997, 29.116666667000061 ], [ -88.834782917999974, 29.115217336000057 ], [ -88.833333332999985, 29.11481475800008 ], [ -88.829629516999944, 29.112962977000052 ], [ -88.828999836999969, 29.11266670200007 ], [ -88.825, 29.110416667000038 ], [ -88.823809813999958, 29.109523773000035 ], [ -88.822618611999985, 29.108333333000076 ], [ -88.820634968999968, 29.104365031000043 ], [ -88.816666666999936, 29.102381007000076 ], [ -88.815000406999957, 29.101666641000065 ], [ -88.811111449999942, 29.1 ], [ -88.808750407, 29.099583308000035 ], [ -88.80833333299995, 29.099537023000039 ], [ -88.807894896999983, 29.099561437000034 ], [ -88.800793456999941, 29.099206289000051 ], [ -88.8, 29.099242401000026 ], [ -88.799187214999961, 29.099186961000044 ], [ -88.792777506999983, 29.09888890600007 ], [ -88.791666666999959, 29.098809560000063 ], [ -88.790530395999951, 29.098863602000051 ], [ -88.785416666999936, 29.1 ], [ -88.783888752999985, 29.100555547000056 ], [ -88.783333332999973, 29.100640996000038 ], [ -88.781944783999961, 29.101388931000031 ], [ -88.778571573999955, 29.103571447000036 ], [ -88.775, 29.104761887000052 ], [ -88.773790486999985, 29.107123693000062 ], [ -88.772794595999983, 29.108333333000076 ], [ -88.770560709999984, 29.112227376000078 ], [ -88.766666666999981, 29.114460754000049 ], [ -88.764922077999984, 29.114922460000059 ], [ -88.759166462999985, 29.116666667000061 ], [ -88.75875040699998, 29.117083359000048 ], [ -88.758333332999939, 29.117307663000076 ], [ -88.757857259, 29.11714286800003 ], [ -88.757407632999957, 29.116666667000061 ], [ -88.751333618, 29.115333303000057 ], [ -88.75, 29.115333303000057 ], [ -88.747660318999976, 29.114327494000065 ], [ -88.74423115999997, 29.114102554000056 ], [ -88.741666666999947, 29.109090932000072 ], [ -88.740971882999986, 29.109027735000041 ], [ -88.740000406999968, 29.108333333000076 ], [ -88.740686034999953, 29.107352956000057 ], [ -88.741666666999947, 29.10625 ], [ -88.742486571999962, 29.100819651000052 ], [ -88.74375, 29.1 ], [ -88.746341959999938, 29.096341451000058 ], [ -88.75, 29.094230779000043 ], [ -88.754053751999948, 29.095945994000033 ], [ -88.75625, 29.1 ], [ -88.757795206999958, 29.100537618000033 ], [ -88.758333332999939, 29.100694402000045 ], [ -88.758727009999973, 29.100393677000056 ], [ -88.758730061999984, 29.1 ], [ -88.758950805999973, 29.099382655000056 ], [ -88.758950805999973, 29.09228401200005 ], [ -88.759721882999941, 29.091666667000027 ], [ -88.759294636999982, 29.090705109000055 ], [ -88.758333332999939, 29.088888931000042 ], [ -88.754333495999958, 29.087333298000033 ], [ -88.75, 29.083333333000041 ], [ -88.743859862999955, 29.081140391000076 ], [ -88.741666666999947, 29.080555598000046 ], [ -88.738461303999941, 29.080128225000067 ], [ -88.73695678699994, 29.079710134000038 ], [ -88.733333332999962, 29.079365031000066 ], [ -88.731110635999983, 29.081111145000079 ], [ -88.725, 29.083333333000041 ], [ -88.722463988999948, 29.089130402000023 ], [ -88.720512898999971, 29.091666667000027 ], [ -88.719791666999981, 29.094791667000038 ], [ -88.71875, 29.09791666700005 ], [ -88.718181355999945, 29.1 ], [ -88.718627929999968, 29.101960754000061 ], [ -88.718627929999968, 29.106372579000038 ], [ -88.719444783999961, 29.108333333000076 ], [ -88.721491495999942, 29.111842092000074 ], [ -88.721236164999937, 29.112903214000028 ], [ -88.721929931999966, 29.116666667000061 ], [ -88.724166869999976, 29.117500051000036 ], [ -88.725, 29.120312500000068 ], [ -88.727999877999935, 29.121999995000067 ], [ -88.729166666999959, 29.125 ], [ -88.727112833999968, 29.127112707000038 ], [ -88.725, 29.127777735000052 ], [ -88.723352050999949, 29.13168500300003 ], [ -88.721153767999965, 29.133333333000053 ], [ -88.719820149999975, 29.136486435000052 ], [ -88.71666666699997, 29.138333384000077 ], [ -88.712643432999982, 29.137356313000055 ], [ -88.711841837999941, 29.136842092000052 ], [ -88.708333332999985, 29.135185242000034 ], [ -88.706915282999944, 29.134751765000033 ], [ -88.705768839999962, 29.133333333000053 ], [ -88.701055907999944, 29.132277044000034 ], [ -88.7, 29.131060664000074 ], [ -88.697321573999943, 29.130654780000043 ], [ -88.69322916699997, 29.131770833000076 ], [ -88.691666666999936, 29.131060664000074 ], [ -88.690908812999965, 29.132575734000056 ], [ -88.690931192999983, 29.133333333000053 ], [ -88.691246540999941, 29.133753459000047 ], [ -88.691516112999977, 29.141516495000076 ], [ -88.691563923999979, 29.141666667000038 ], [ -88.691527302999987, 29.141805522000027 ], [ -88.691666666999936, 29.15 ], [ -88.68833313, 29.155000051000059 ], [ -88.685057575999963, 29.156609217000039 ], [ -88.68333333299995, 29.157708359000026 ], [ -88.682619221999971, 29.15761909500003 ], [ -88.676797484999952, 29.156535975000054 ], [ -88.675, 29.156340535000027 ], [ -88.673839314999952, 29.157173030000024 ], [ -88.667179361999956, 29.157820511000068 ], [ -88.666666666999959, 29.157993189000024 ], [ -88.666327921999937, 29.157994970000061 ], [ -88.658821614999965, 29.157845561000045 ], [ -88.658333332999973, 29.157847850000053 ], [ -88.657866413999955, 29.157866033000062 ], [ -88.657313028999965, 29.15833333300003 ], [ -88.654487100999972, 29.162179438000067 ], [ -88.654268391999949, 29.162601598000037 ], [ -88.654032388999951, 29.162634405000063 ], [ -88.65, 29.164511490000052 ], [ -88.648214721999977, 29.164881007000076 ], [ -88.641865030999952, 29.166468302000055 ], [ -88.641666666999981, 29.166512299000033 ], [ -88.641589354999951, 29.166589483000052 ], [ -88.641584268999964, 29.166666667000072 ], [ -88.641441853999936, 29.166891861000067 ], [ -88.639346312999976, 29.172679265000056 ], [ -88.63452351899997, 29.173809560000052 ], [ -88.633333332999939, 29.174454880000042 ], [ -88.632300822, 29.173967489000063 ], [ -88.626240030999952, 29.173760351000055 ], [ -88.625, 29.167500051000047 ], [ -88.623958332999962, 29.167708333000064 ], [ -88.618332925999937, 29.168333308000058 ], [ -88.616666666999947, 29.16875 ], [ -88.61416626, 29.172499975000051 ], [ -88.612121581999986, 29.175 ], [ -88.61058553099997, 29.17725219700003 ], [ -88.608333332999962, 29.179629644000045 ], [ -88.606578572999979, 29.181578954000031 ], [ -88.604166666999959, 29.183333333000064 ], [ -88.602083332999939, 29.185416667000027 ], [ -88.6, 29.187037023000073 ], [ -88.597023518999947, 29.188690440000073 ], [ -88.59375, 29.18958333300003 ], [ -88.59166666699997, 29.190384674000029 ], [ -88.591000365999946, 29.190999985000076 ], [ -88.589815266999949, 29.19166666700005 ], [ -88.58592631, 29.19425926200006 ], [ -88.583333332999985, 29.195312500000057 ], [ -88.58039245599997, 29.197058868000056 ], [ -88.575, 29.2 ], [ -88.570599364999964, 29.203932571000053 ], [ -88.566666666999936, 29.20648142500005 ], [ -88.566162108999947, 29.207828267000025 ], [ -88.56575724299995, 29.208333333000041 ], [ -88.564815266999972, 29.210185242000023 ], [ -88.563725788999989, 29.213725535000037 ], [ -88.560145059999968, 29.216666667000027 ], [ -88.559559122999985, 29.21789220200003 ], [ -88.55833333299995, 29.219117610000069 ], [ -88.555356851999989, 29.219642893000071 ], [ -88.553240966999965, 29.219907379000063 ], [ -88.55, 29.220555496000031 ], [ -88.547162881999952, 29.222163137000052 ], [ -88.542592366999941, 29.225 ], [ -88.542142740999964, 29.225476201000049 ], [ -88.541666666999959, 29.225833384000055 ], [ -88.537612914999954, 29.229279327000029 ], [ -88.536666869999976, 29.230000051000047 ], [ -88.533333332999973, 29.232575734000079 ], [ -88.532916259999979, 29.232916641000031 ], [ -88.532407633, 29.233333333000076 ], [ -88.52860310899996, 29.236936951000075 ], [ -88.525, 29.239393997000036 ], [ -88.523611449999976, 29.240277735000063 ], [ -88.520833332999985, 29.241666667000061 ], [ -88.518390909999937, 29.243390783000052 ], [ -88.516666666999981, 29.244444402000056 ], [ -88.513218179999967, 29.246551768000074 ], [ -88.51018473299996, 29.248148092000065 ], [ -88.508333332999939, 29.249166616000025 ], [ -88.507715860999951, 29.249382655000034 ], [ -88.505555215999948, 29.25 ], [ -88.501333618, 29.251333364000061 ], [ -88.5, 29.251851908000049 ], [ -88.498979314999985, 29.252135370000076 ] ] ], [ [ [ -88.491666666999947, 29.25416666700005 ], [ -88.496664621999969, 29.252807589000042 ], [ -88.495000202999961, 29.253333282000028 ], [ -88.491666666999947, 29.25416666700005 ] ] ] ] } },
{ "type": "Feature", "properties": { "subarea_id": 6, "area_km2": 801.36894928084985 }, "geometry": { "type": "MultiPolygon", "coordinates": [ [ [ [ -94.51574822799995, 27.957218369000032 ], [ -94.51549044099994, 27.957862863000059 ], [ -94.510714212999972, 27.955952454000055 ], [ -94.508333332999939, 27.955555471000025 ], [ -94.504629516999955, 27.953703817000076 ], [ -94.502777862999949, 27.95 ], [ -94.500462849999963, 27.949537150000026 ], [ -94.5, 27.949583435000079 ], [ -94.499537149999981, 27.949537150000026 ], [ -94.497222136999937, 27.95 ], [ -94.496666717999972, 27.953333282000074 ], [ -94.496666717999972, 27.95500005100007 ], [ -94.49583333299995, 27.958333333000041 ], [ -94.493181863999951, 27.959848531000034 ], [ -94.491666666999947, 27.9625 ], [ -94.490740712, 27.959259288000055 ], [ -94.490625, 27.958333333000041 ], [ -94.489583332999985, 27.95625 ], [ -94.488888803999942, 27.952777863000051 ], [ -94.483333332999962, 27.95 ], [ -94.477380879999941, 27.952380880000078 ], [ -94.475, 27.955555471000025 ], [ -94.471296182999936, 27.953703817000076 ], [ -94.470833332999973, 27.95 ], [ -94.469230651999965, 27.947436015000051 ], [ -94.469841257999974, 27.944841258000054 ], [ -94.469230651999965, 27.94166666700005 ], [ -94.467924499999981, 27.940408834000038 ], [ -94.46666666699997, 27.939705912000079 ], [ -94.465277862999983, 27.940277863000063 ], [ -94.46296284999994, 27.94166666700005 ], [ -94.462745157999962, 27.945588175000069 ], [ -94.46296284999994, 27.946296183000072 ], [ -94.4625, 27.95 ], [ -94.463333383999952, 27.953333282000074 ], [ -94.46666666699997, 27.958333333000041 ], [ -94.463333383999952, 27.963333384000066 ], [ -94.458333332999985, 27.966666667000027 ], [ -94.453703816999962, 27.962962850000054 ], [ -94.45, 27.961111196000047 ], [ -94.441666666999936, 27.961111196000047 ], [ -94.439814757999955, 27.960185242000023 ], [ -94.43333333299995, 27.958333333000041 ], [ -94.426851907999946, 27.960185242000023 ], [ -94.425, 27.961111196000047 ], [ -94.416666666999959, 27.961111196000047 ], [ -94.4125, 27.9625 ], [ -94.408333332999973, 27.963333384000066 ], [ -94.4, 27.961666616000059 ], [ -94.396969604, 27.961363729000027 ], [ -94.394697061999977, 27.961363729000027 ], [ -94.391666666999981, 27.961111196000047 ], [ -94.38910268099994, 27.960897319000026 ], [ -94.383333332999939, 27.958333333000041 ], [ -94.378921508999952, 27.96225484200005 ], [ -94.375, 27.963888804000078 ], [ -94.372436014999948, 27.964102681000043 ], [ -94.368518574999939, 27.964814758000045 ], [ -94.366666666999947, 27.96499989800003 ], [ -94.358333332999962, 27.96499989800003 ], [ -94.356818135999958, 27.965151469000034 ], [ -94.351515197999959, 27.965151469000034 ], [ -94.35, 27.96527786300004 ], [ -94.348611195999979, 27.96527786300004 ], [ -94.34166666699997, 27.966666667000027 ], [ -94.333333332999985, 27.966666667000027 ], [ -94.326190439999948, 27.967857107000043 ], [ -94.325, 27.968055471000071 ], [ -94.323718006999968, 27.967948659000058 ], [ -94.316666666999936, 27.966666667000027 ], [ -94.30833333299995, 27.966666667000027 ], [ -94.301666767999961, 27.96499989800003 ], [ -94.3, 27.964583333000064 ], [ -94.298148091999963, 27.964814758000045 ], [ -94.29351857499995, 27.964814758000045 ], [ -94.291666666999959, 27.96499989800003 ], [ -94.289583332999939, 27.964583333000064 ], [ -94.286111195999979, 27.963888804000078 ], [ -94.283333332999973, 27.963333384000066 ], [ -94.279487100999972, 27.962179565000042 ], [ -94.275, 27.958333333000041 ], [ -94.269444528999941, 27.961111196000047 ], [ -94.266666666999981, 27.9625 ], [ -94.265151468999989, 27.959848531000034 ], [ -94.264583332999962, 27.958333333000041 ], [ -94.26096496599996, 27.955701701000066 ], [ -94.258333332999939, 27.954166667000038 ], [ -94.254762013999937, 27.953571320000037 ], [ -94.252777862999949, 27.952777863000051 ], [ -94.25, 27.952083333000076 ], [ -94.248611195999956, 27.951388804000032 ], [ -94.247222136999937, 27.95 ], [ -94.244999948999975, 27.946666718000074 ], [ -94.244444528999963, 27.944444529000066 ], [ -94.243333434999954, 27.94166666700005 ], [ -94.242708332999939, 27.940625 ], [ -94.241666666999947, 27.93958333300003 ], [ -94.237820434999946, 27.937179565000065 ], [ -94.233333332999962, 27.933333333000064 ], [ -94.230555470999946, 27.927777863000074 ], [ -94.229166666999959, 27.925 ], [ -94.228333281999937, 27.92166671800004 ], [ -94.228333281999937, 27.919999949000044 ], [ -94.227777862999972, 27.916666667000072 ], [ -94.230000051, 27.913333384000055 ], [ -94.233333332999962, 27.90833333300003 ], [ -94.230000051, 27.903333282000062 ], [ -94.227777862999972, 27.9 ], [ -94.226281992999986, 27.89871800700007 ], [ -94.225, 27.897222137000028 ], [ -94.221666717999938, 27.896666718000063 ], [ -94.219999948999941, 27.896666718000063 ], [ -94.21666666699997, 27.895833333000041 ], [ -94.204166666999981, 27.895833333000041 ], [ -94.2, 27.891666667000038 ], [ -94.2, 27.9 ], [ -94.195512898999937, 27.903846232000035 ], [ -94.191666666999936, 27.905000051000059 ], [ -94.170764873999985, 27.908765650000078 ], [ -94.13371048, 27.707956187000036 ], [ -94.134558867999942, 27.708333333000041 ], [ -94.138378651999972, 27.711621348000051 ], [ -94.141666666999981, 27.715441132000024 ], [ -94.142279306999967, 27.716054026000052 ], [ -94.143478138999967, 27.716666667000027 ], [ -94.14821421299996, 27.718452454000044 ], [ -94.15, 27.718779246000054 ], [ -94.152912648999973, 27.719579315000033 ], [ -94.155022175999989, 27.719977824000068 ], [ -94.158333332999973, 27.721130880000032 ], [ -94.160714212999949, 27.722619120000047 ], [ -94.163888803999953, 27.725 ], [ -94.165295409999942, 27.726371257000039 ], [ -94.166666666999959, 27.72735519400004 ], [ -94.170467884999937, 27.728801219000047 ], [ -94.170981088999952, 27.729018911000026 ], [ -94.175, 27.730345917000079 ], [ -94.177802276999955, 27.730531057000064 ], [ -94.18075612399997, 27.730756124000038 ], [ -94.18333333299995, 27.730929565000054 ], [ -94.186142221999944, 27.730524445000071 ], [ -94.188991800999986, 27.730658468000058 ], [ -94.191666666999936, 27.730050405000043 ], [ -94.194934590999935, 27.728267924000079 ], [ -94.19741388999995, 27.725 ], [ -94.197692361999941, 27.722692362000032 ], [ -94.197254943999951, 27.719411723000064 ], [ -94.197463734999985, 27.716666667000027 ], [ -94.197407531999943, 27.714074198000048 ], [ -94.196994526999958, 27.711338806000072 ], [ -94.196944426999949, 27.708333333000041 ], [ -94.198228708999977, 27.70656204200003 ], [ -94.2, 27.704513804000044 ], [ -94.202434539999956, 27.70243454000007 ], [ -94.204333241999962, 27.7 ], [ -94.206758625999953, 27.698425293000071 ], [ -94.208333332999985, 27.697333272000037 ], [ -94.211934915999962, 27.695268250000026 ], [ -94.215277862999983, 27.693055471000037 ], [ -94.21666666699997, 27.692164103000039 ], [ -94.216971079999951, 27.69197108000003 ], [ -94.217320251, 27.69166666700005 ], [ -94.222597248999989, 27.689263916000073 ], [ -94.225, 27.68826090500005 ], [ -94.22885869299995, 27.687807973000076 ], [ -94.229404194999972, 27.687737528000071 ], [ -94.233333332999962, 27.687288157000069 ], [ -94.236444345999985, 27.68644434600003 ], [ -94.240404002, 27.683333333000064 ], [ -94.240811919999942, 27.682478587000048 ], [ -94.241666666999947, 27.675757599000065 ], [ -94.241867573999968, 27.675200907000033 ], [ -94.24192708299995, 27.675 ], [ -94.24643681799995, 27.671436818000075 ], [ -94.248198190999972, 27.668468475000054 ], [ -94.249434915999984, 27.666666667000072 ], [ -94.249738565999962, 27.666405233000035 ], [ -94.25, 27.66614583300003 ], [ -94.250888823999958, 27.665777842000068 ], [ -94.256043242999965, 27.664376577000041 ], [ -94.258333332999939, 27.662820435000071 ], [ -94.26145833299995, 27.663541667000061 ], [ -94.264583332999962, 27.664583333000053 ], [ -94.266666666999981, 27.665151469000023 ], [ -94.267583974, 27.665749359000074 ], [ -94.268518574999973, 27.666666667000072 ], [ -94.271568552999952, 27.670098114000041 ], [ -94.275, 27.67395833300003 ], [ -94.275467172999981, 27.674532827000064 ], [ -94.275714365999988, 27.675 ], [ -94.278846231999978, 27.678846232000069 ], [ -94.279132333999939, 27.679200999000045 ], [ -94.282812499999977, 27.683333333000064 ], [ -94.282996622999974, 27.683670044000053 ], [ -94.283333332999973, 27.685185242000045 ], [ -94.284027862999949, 27.690972137000074 ], [ -94.284019724999951, 27.69166666700005 ], [ -94.283944193999957, 27.692277527000044 ], [ -94.283433023999976, 27.699900309000043 ], [ -94.283422088999941, 27.7 ], [ -94.283449045999987, 27.70011571200007 ], [ -94.285256448999974, 27.706410217000041 ], [ -94.285648091999974, 27.708333333000041 ], [ -94.285341389999985, 27.710341390000053 ], [ -94.283576710999967, 27.716423289000033 ], [ -94.283529408999982, 27.716666667000027 ], [ -94.283476511999936, 27.716809845000057 ], [ -94.283333332999973, 27.716993459000037 ], [ -94.280092620999937, 27.721759288000044 ], [ -94.278846231999978, 27.725 ], [ -94.277302551, 27.727302551000037 ], [ -94.275, 27.728804270000069 ], [ -94.271598561999951, 27.72993189500005 ], [ -94.269423675999974, 27.730576324000026 ], [ -94.266666666999981, 27.731443278000029 ], [ -94.265029652999942, 27.731696320000026 ], [ -94.258564757999977, 27.733101908000037 ], [ -94.258333332999939, 27.733141836000073 ], [ -94.258088174999955, 27.733088175000034 ], [ -94.251268004999986, 27.732065328000033 ], [ -94.25, 27.731735229000037 ], [ -94.24807154299998, 27.731404877000045 ], [ -94.244230651999942, 27.730769348000024 ], [ -94.241666666999947, 27.730324046000078 ], [ -94.238958231999959, 27.73062489800003 ], [ -94.235879516999944, 27.730787150000026 ], [ -94.233333332999962, 27.731041718000029 ], [ -94.232193276999965, 27.731141469000079 ], [ -94.224454013999946, 27.732298643000036 ], [ -94.224019622999947, 27.732352956000057 ], [ -94.221428679999974, 27.733333333000076 ], [ -94.218159230999959, 27.734825897000064 ], [ -94.21666666699997, 27.735714213000051 ], [ -94.212990315999946, 27.737990316000037 ], [ -94.210852813999963, 27.741666667000061 ], [ -94.210339609999949, 27.743672943000036 ], [ -94.209963734999974, 27.748369598000068 ], [ -94.209649149999962, 27.75 ], [ -94.209761809999975, 27.751428477000047 ], [ -94.209117634999984, 27.757549032000043 ], [ -94.209210458999962, 27.758333333000053 ], [ -94.212037149999958, 27.762037150000026 ], [ -94.21243769299997, 27.762562307000053 ], [ -94.215570067999977, 27.766666667000038 ], [ -94.216250101999947, 27.767083232000061 ], [ -94.21666666699997, 27.767288462000067 ], [ -94.217468006999979, 27.767468007000048 ], [ -94.222916666999936, 27.76875 ], [ -94.225, 27.769202932000042 ], [ -94.228270975999976, 27.769937642000059 ], [ -94.230062357999941, 27.769937642000059 ], [ -94.233333332999962, 27.771272024000041 ], [ -94.236195373999976, 27.772137960000066 ], [ -94.241666666999947, 27.775 ], [ -94.246264393999979, 27.778735606000055 ], [ -94.25, 27.782222239000077 ], [ -94.250766245999955, 27.782567088000064 ], [ -94.251960753999981, 27.78333333300003 ], [ -94.25616658499996, 27.785500081000066 ], [ -94.258333332999939, 27.7875 ], [ -94.26188532499998, 27.788114675000031 ], [ -94.263207498999975, 27.788207499000066 ], [ -94.266666666999981, 27.788709768000047 ], [ -94.268902333999961, 27.789431 ], [ -94.274000040999965, 27.790666707000071 ], [ -94.275, 27.790952301000061 ], [ -94.275641122999957, 27.791025543000046 ], [ -94.278571319999969, 27.791666667000072 ], [ -94.282394408999949, 27.79260559100004 ], [ -94.283333332999973, 27.792741903000035 ], [ -94.284920755999963, 27.793254089000072 ], [ -94.288964080999961, 27.79436925300007 ], [ -94.291666666999959, 27.795370483000056 ], [ -94.295666757999982, 27.795666758000038 ], [ -94.295999907999942, 27.795666758000038 ], [ -94.3, 27.796014404000061 ], [ -94.303846231999955, 27.795512899000073 ], [ -94.30458323199997, 27.795416768000052 ], [ -94.30833333299995, 27.794927470000061 ], [ -94.31127446499994, 27.794607798000072 ], [ -94.31428578699996, 27.794047546000058 ], [ -94.316666666999936, 27.79375 ], [ -94.318478138999978, 27.793478139000058 ], [ -94.32401962299997, 27.792647044000034 ], [ -94.325, 27.792500051000047 ], [ -94.325641122999969, 27.792307790000052 ], [ -94.327777862999937, 27.791666667000072 ], [ -94.332183838, 27.790517171000033 ], [ -94.333333332999985, 27.790151469000023 ], [ -94.335632069999974, 27.789367930000026 ], [ -94.338522084999966, 27.788522085000068 ], [ -94.34166666699997, 27.787280782000039 ], [ -94.344858041999942, 27.786524709000048 ], [ -94.347008513999981, 27.786324819000072 ], [ -94.35, 27.785763804000055 ], [ -94.351881662999972, 27.785214996000036 ], [ -94.358333332999962, 27.78333333300003 ], [ -94.365306090999979, 27.781972758000052 ], [ -94.366666666999947, 27.781818136000027 ], [ -94.369565327999965, 27.780434672000069 ], [ -94.371244048999984, 27.77957738200007 ], [ -94.375, 27.77799987800006 ], [ -94.376704660999962, 27.776704661000053 ], [ -94.378125, 27.775 ], [ -94.379908751999949, 27.771575419000044 ], [ -94.383333332999939, 27.766666667000038 ], [ -94.387581634999947, 27.76258163500006 ], [ -94.391666666999981, 27.759482829000035 ], [ -94.392424265999978, 27.759090932000049 ], [ -94.395370482999965, 27.758333333000053 ], [ -94.397311909999985, 27.75564524300006 ], [ -94.396899159999975, 27.753100840000059 ], [ -94.397619119999945, 27.75 ], [ -94.397278848999974, 27.747278849000054 ], [ -94.396508025999935, 27.745158641000046 ], [ -94.396258544999966, 27.741666667000061 ], [ -94.395355224999946, 27.737978109000039 ], [ -94.394892374999984, 27.736559041000078 ], [ -94.39399235999997, 27.733333333000076 ], [ -94.393148040999961, 27.731851959000039 ], [ -94.391666666999981, 27.729762014000073 ], [ -94.390098062999982, 27.726568604000079 ], [ -94.389761860999954, 27.725 ], [ -94.387443033999944, 27.720890299000075 ], [ -94.38717956499994, 27.720512899000028 ], [ -94.384604644999968, 27.716666667000027 ], [ -94.384300995, 27.715699005000033 ], [ -94.383333332999939, 27.713781993000055 ], [ -94.381405893999954, 27.710260773000073 ], [ -94.380113728999959, 27.708333333000041 ], [ -94.378020222999965, 27.705313110000077 ], [ -94.375, 27.701515198000038 ], [ -94.374481963999983, 27.700518036000062 ], [ -94.374295806999953, 27.7 ], [ -94.374009958999977, 27.699009959000023 ], [ -94.373672484999986, 27.692994181000074 ], [ -94.37291666699997, 27.69166666700005 ], [ -94.373101297999938, 27.689767965000044 ], [ -94.373101297999938, 27.68523203500007 ], [ -94.373255919999963, 27.683333333000064 ], [ -94.373529306999956, 27.681862640000077 ], [ -94.375, 27.675 ], [ -94.378368885999976, 27.670035553000048 ], [ -94.382197061999989, 27.666666667000072 ], [ -94.382847849999962, 27.666181183000049 ], [ -94.383333332999939, 27.665909068000076 ], [ -94.384420267999985, 27.665579732000026 ], [ -94.38870061199998, 27.663700612000071 ], [ -94.391666666999981, 27.663095347000024 ], [ -94.394848377999949, 27.663484955000058 ], [ -94.396641794999937, 27.663308462000032 ], [ -94.4, 27.663584391000029 ], [ -94.402795155999968, 27.663871511000025 ], [ -94.405991617999973, 27.664324951000026 ], [ -94.408333332999973, 27.664583333000053 ], [ -94.40958150199998, 27.665418498000065 ], [ -94.411284636999937, 27.666666667000072 ], [ -94.414307403999942, 27.669025930000032 ], [ -94.416666666999959, 27.67035725900007 ], [ -94.419718423999939, 27.671948242000042 ], [ -94.424224853999988, 27.675 ], [ -94.424494933999938, 27.675505066000028 ], [ -94.425, 27.675952403000053 ], [ -94.426960753999936, 27.676960754000049 ], [ -94.429743702999986, 27.678589630000033 ], [ -94.43333333299995, 27.679964447000032 ], [ -94.437321980999968, 27.67898864700004 ], [ -94.438008117999971, 27.678658549000033 ], [ -94.441666666999936, 27.677343750000034 ], [ -94.445325215999958, 27.678658549000033 ], [ -94.446296182999959, 27.678703817000041 ], [ -94.45, 27.682575734000068 ], [ -94.450252532999968, 27.683080800000027 ], [ -94.450245157999973, 27.683333333000064 ], [ -94.450555673999986, 27.683889008000051 ], [ -94.450800550999986, 27.684349979000046 ], [ -94.467295508999939, 27.707202343000063 ], [ -94.51574822799995, 27.957218369000032 ] ] ] ] } },
{ "type": "Feature", "properties": { "subarea_id": 7, "area_km2": 1320.1617379609934 }, "geometry": { "type": "MultiPolygon", "coordinates": [ [ [ [ -96.123450606999938, 27.266380129000026 ], [ -96.120502252999984, 27.265313554000045 ], [ -96.186397948999968, 27.253684901000042 ], [ -96.209655253999983, 27.356404664000024 ], [ -96.397651799999949, 27.340899794000052 ], [ -96.41927598999996, 27.428114687000061 ], [ -96.416666666999959, 27.433333333000064 ], [ -96.408333332999973, 27.44166666700005 ], [ -96.405000050999945, 27.446666718000074 ], [ -96.40416666699997, 27.45 ], [ -96.4, 27.458333333000041 ], [ -96.396666717999949, 27.463333384000066 ], [ -96.395833332999985, 27.466666667000027 ], [ -96.391666666999981, 27.475 ], [ -96.38611106899998, 27.477777863000028 ], [ -96.383333332999939, 27.479166667000072 ], [ -96.380952325999942, 27.480952454000033 ], [ -96.379166666999936, 27.483333333000076 ], [ -96.37738100699994, 27.485714213000051 ], [ -96.375, 27.4875 ], [ -96.372222264999948, 27.488888804000055 ], [ -96.366666666999947, 27.491666667000061 ], [ -96.3625, 27.5 ], [ -96.360714339999959, 27.502380880000032 ], [ -96.358333332999962, 27.50416666700005 ], [ -96.355555597999967, 27.505555471000037 ], [ -96.35, 27.508333333000053 ], [ -96.344444401999965, 27.511111196000058 ], [ -96.34166666699997, 27.5125 ], [ -96.339814757999989, 27.514814758000057 ], [ -96.338888930999985, 27.516666667000038 ], [ -96.335555521999936, 27.518888855000057 ], [ -96.333333332999985, 27.520833333000041 ], [ -96.330555597999989, 27.522222137000028 ], [ -96.327777734999984, 27.525 ], [ -96.326851907999981, 27.526851908000026 ], [ -96.325, 27.529166667000027 ], [ -96.320833332999939, 27.53333333300003 ], [ -96.316666666999936, 27.541666667000072 ], [ -96.30833333299995, 27.55 ], [ -96.305000050999979, 27.555000051000036 ], [ -96.3, 27.558333333000064 ], [ -96.296666717999983, 27.563333384000032 ], [ -96.291666666999959, 27.56666666700005 ], [ -96.291666666999959, 27.575 ], [ -96.288333383999941, 27.58000005100007 ], [ -96.283333332999973, 27.583333333000041 ], [ -96.275, 27.583333333000041 ], [ -96.271666717999949, 27.588333384000066 ], [ -96.240664992999939, 27.612235015000067 ], [ -96.180583622999961, 27.619987450000053 ], [ -96.167016861999969, 27.575410950000048 ], [ -95.957701119999967, 27.60835879800004 ], [ -95.946072466999965, 27.534710666000024 ], [ -95.838795063999953, 27.567954922000069 ], [ -95.840555572999961, 27.56666666700005 ], [ -95.840811919999965, 27.565811920000044 ], [ -95.841190591999975, 27.558809408000059 ], [ -95.84128799399997, 27.558333333000064 ], [ -95.840555572999961, 27.557222239000055 ], [ -95.83796284999994, 27.553703817000041 ], [ -95.836428578999971, 27.55 ], [ -95.835457610999981, 27.547875722000072 ], [ -95.834139759999971, 27.542473094000059 ], [ -95.833865356, 27.541666667000072 ], [ -95.833783721999964, 27.541216278000036 ], [ -95.833644866999975, 27.533644867000078 ], [ -95.833602141999961, 27.53333333300003 ], [ -95.833838398999944, 27.53282826700007 ], [ -95.835748799999976, 27.527415466000036 ], [ -95.8375, 27.525 ], [ -95.838841755999965, 27.522175090000076 ], [ -95.84166666699997, 27.517063395000037 ], [ -95.841803232999951, 27.516803233000076 ], [ -95.841911824999954, 27.516666667000038 ], [ -95.842777760999979, 27.515555573000029 ], [ -95.845420328999978, 27.512086995000061 ], [ -95.848850504999973, 27.508333333000053 ], [ -95.849074045999942, 27.507407379000028 ], [ -95.85, 27.5 ], [ -95.852482351, 27.494149017000041 ], [ -95.853535460999979, 27.491666667000061 ], [ -95.855134582999938, 27.488467916000047 ], [ -95.856904855999971, 27.484761810000066 ], [ -95.857598113999984, 27.483333333000076 ], [ -95.857909647999975, 27.482909648000032 ], [ -95.858333332999962, 27.482440440000062 ], [ -95.861748758999966, 27.478415426000026 ], [ -95.863815815999942, 27.475 ], [ -95.865212503999942, 27.473545837000074 ], [ -95.866666666999947, 27.471614583000076 ], [ -95.869682565999938, 27.469682566000074 ], [ -95.87326393099994, 27.466666667000027 ], [ -95.874333317999969, 27.466000112000074 ], [ -95.875, 27.465625 ], [ -95.876984150999988, 27.46468251500005 ], [ -95.88006540899994, 27.463398743000027 ], [ -95.883333332999939, 27.461458333000053 ], [ -95.886073048999947, 27.461073049000049 ], [ -95.889102553999976, 27.460897319000026 ], [ -95.891666666999981, 27.460585531000049 ], [ -95.894753137999942, 27.461419678000027 ], [ -95.896296309999968, 27.462037150000072 ], [ -95.9, 27.462735748000057 ], [ -95.902955118999955, 27.463711548000049 ], [ -95.90801277199995, 27.466666667000027 ], [ -95.908180490999939, 27.466819509000061 ], [ -95.908333332999973, 27.466898092000065 ], [ -95.908771895999962, 27.467105357000037 ], [ -95.916666666999959, 27.466666667000027 ], [ -95.920175424999968, 27.46184209200004 ], [ -95.923333358999969, 27.458333333000041 ], [ -95.924107106999941, 27.457440440000028 ], [ -95.925, 27.45625 ], [ -95.928191502999937, 27.453191376000063 ], [ -95.931818135999947, 27.45 ], [ -95.932608667999943, 27.44927546200006 ], [ -95.93333333299995, 27.448333232000039 ], [ -95.936585362999949, 27.444918823000023 ], [ -95.940000024999961, 27.44166666700005 ], [ -95.940000024999961, 27.439999898000053 ], [ -95.941666666999936, 27.4375 ], [ -95.94254392, 27.434210459000042 ], [ -95.94259262099996, 27.433333333000064 ], [ -95.942460377999964, 27.432539622000036 ], [ -95.942105229999981, 27.425438690000078 ], [ -95.942045465999968, 27.425 ], [ -95.94254392, 27.424122874000034 ], [ -95.944953027999986, 27.419953156000076 ], [ -95.946739069999978, 27.416666667000072 ], [ -95.947656249999966, 27.41432291700005 ], [ -95.95, 27.41041666700005 ], [ -95.958333332999985, 27.41041666700005 ], [ -95.959127044999946, 27.409127045000048 ], [ -95.959722264999982, 27.40833333300003 ], [ -95.959848530999977, 27.406818136000027 ], [ -95.960555521999936, 27.402222188000053 ], [ -95.960714339999981, 27.4 ], [ -95.963288243999955, 27.39662170400004 ], [ -95.96666666699997, 27.395370483000079 ], [ -95.969105656999943, 27.394105784000033 ], [ -95.971929803999956, 27.391666667000038 ], [ -95.973232268999936, 27.389898936000066 ], [ -95.975, 27.388749949000044 ], [ -95.977777734999961, 27.388888804000032 ], [ -95.981111144999943, 27.38944447800003 ], [ -95.983333332999962, 27.389583333000076 ], [ -95.986231866999958, 27.388768005000031 ], [ -95.988333383999986, 27.388333384000077 ], [ -95.991666666999947, 27.387179565000054 ], [ -95.994369379999966, 27.386035919000051 ], [ -96.0, 27.383333333000053 ], [ -96.004386011999941, 27.379385885000033 ], [ -96.008333332999939, 27.375833384000032 ], [ -96.008783721999976, 27.375450389000036 ], [ -96.009259287999953, 27.375 ], [ -96.01324780799996, 27.371581268000057 ], [ -96.016666666999981, 27.368939463000061 ], [ -96.01791661599998, 27.367916616000059 ], [ -96.019444401999976, 27.366666667000061 ], [ -96.022222264999982, 27.363888804000055 ], [ -96.025, 27.361111196000024 ], [ -96.027500024999938, 27.358333333000076 ], [ -96.030341847999978, 27.355341848000023 ], [ -96.033333332999973, 27.351851908000071 ], [ -96.034234237999954, 27.350900777000049 ], [ -96.034848530999966, 27.35 ], [ -96.038333383999941, 27.346666718000051 ], [ -96.041666666999959, 27.34375 ], [ -96.042886224999961, 27.342886098000065 ], [ -96.044166691999976, 27.341666667000027 ], [ -96.047154489999969, 27.338821157000041 ], [ -96.05, 27.335833232000027 ], [ -96.051351292999982, 27.334684753000033 ], [ -96.053125, 27.333333333000041 ], [ -96.055808131, 27.330808004000062 ], [ -96.05833333299995, 27.328125 ], [ -96.059722264999948, 27.326388804000032 ], [ -96.061111069, 27.325 ], [ -96.063963953999973, 27.322297414000047 ], [ -96.066666666999936, 27.319999949000078 ], [ -96.068376032999936, 27.318376160000071 ], [ -96.069999948999964, 27.31666666700005 ], [ -96.072499974999971, 27.314166768000064 ], [ -96.075, 27.311666616000025 ], [ -96.07680180899996, 27.310135142000036 ], [ -96.078703689999941, 27.308333333000064 ], [ -96.081081135999966, 27.306081136000046 ], [ -96.083333332999985, 27.304166667000061 ], [ -96.085526275999939, 27.302192942000033 ], [ -96.087962976999961, 27.3 ], [ -96.08995730099997, 27.298290507000047 ], [ -96.09166666699997, 27.296969604000026 ], [ -96.094444401999965, 27.294444529000032 ], [ -96.097499974999948, 27.291666667000072 ], [ -96.098648706999938, 27.290315247000024 ], [ -96.1, 27.288888804000067 ], [ -96.102631631999941, 27.285964966000051 ], [ -96.105000051, 27.28333333300003 ], [ -96.106707254999947, 27.281707255000072 ], [ -96.108333332999962, 27.280302938000034 ], [ -96.111046472999988, 27.277713267000024 ], [ -96.113636397999983, 27.275 ], [ -96.115116246999946, 27.273449707000054 ], [ -96.116666666999947, 27.271969604000049 ], [ -96.119583383999952, 27.269583384000043 ], [ -96.123148091999951, 27.266666667000038 ], [ -96.123450606999938, 27.266380129000026 ] ] ] ] } },
{ "type": "Feature", "properties": { "subarea_id": 4, "area_km2": 6244.3507406806102 }, "geometry": { "type": "MultiPolygon", "coordinates": [ [ [ [ -89.992202461999966, 28.589041813000051 ], [ -89.984527550999985, 28.564078973000051 ], [ -89.885606481999957, 28.249872786000026 ], [ -89.875915937999935, 28.236306025000033 ], [ -89.878985718999957, 28.210846950000075 ], [ -89.879807535999987, 28.208333333000041 ], [ -89.879098510999938, 28.204235077000078 ], [ -89.879040526999972, 28.204040527000075 ], [ -89.878174845, 28.2 ], [ -89.877116393999984, 28.197883606000062 ], [ -89.875, 28.195237986000052 ], [ -89.873809305999941, 28.192857107000066 ], [ -89.873437499999966, 28.19166666700005 ], [ -89.873275756999988, 28.189942424000037 ], [ -89.874206542999957, 28.184127045000025 ], [ -89.874074299999961, 28.183333333000064 ], [ -89.874259439999946, 28.182592519000025 ], [ -89.875, 28.181481425000072 ], [ -89.877916462999963, 28.177916718000063 ], [ -89.881481424999947, 28.175 ], [ -89.882624307999947, 28.174290721000034 ], [ -89.883333332999939, 28.173809560000052 ], [ -89.885294087999966, 28.17303924600003 ], [ -89.88815765399994, 28.171491241000069 ], [ -89.891666666999981, 28.170652262000033 ], [ -89.894791666999936, 28.171875 ], [ -89.897916666999947, 28.172916667000038 ], [ -89.9, 28.173666636000064 ], [ -89.900952147999988, 28.174047597000026 ], [ -89.905555724999942, 28.175 ], [ -89.907352701999969, 28.17598037700003 ], [ -89.908333332999973, 28.176190440000028 ], [ -89.911110941999937, 28.177777863000074 ], [ -89.912777709999943, 28.178888957000026 ], [ -89.916666666999959, 28.180302938000068 ], [ -89.925, 28.180302938000068 ], [ -89.928509012999939, 28.179824575000055 ], [ -89.929902139999967, 28.179901886000039 ], [ -89.93333333299995, 28.179166667000061 ], [ -89.935277811999981, 28.176944478000053 ], [ -89.936574299999961, 28.175 ], [ -89.938970438999945, 28.172304026000063 ], [ -89.941666666999936, 28.168452454000033 ], [ -89.942592366999975, 28.16759262100004 ], [ -89.943333434999943, 28.166666667000072 ], [ -89.947058613999957, 28.163725535000026 ], [ -89.95, 28.159523773000046 ], [ -89.950584919999983, 28.158918254000071 ], [ -89.950925699999971, 28.15833333300003 ], [ -89.956297810999956, 28.156297811000059 ], [ -89.958333332999985, 28.155081177000056 ], [ -89.96186421699997, 28.153531138000062 ], [ -89.965384419999964, 28.151281993000055 ], [ -89.96666666699997, 28.150537618000044 ], [ -89.967156981999949, 28.150490316000059 ], [ -89.973437499999989, 28.151562500000068 ], [ -89.975, 28.151470693000078 ], [ -89.976351419999958, 28.151351420000026 ], [ -89.982758585999989, 28.150574748000054 ], [ -89.983333332999962, 28.15052083300003 ], [ -89.983901468999989, 28.150568136000061 ], [ -89.989583332999985, 28.15 ], [ -89.991369119999945, 28.149702454000078 ], [ -89.991666666999947, 28.149509684000066 ], [ -89.992948913999953, 28.14871800700007 ], [ -89.996969603999958, 28.146969604000049 ], [ -90.0, 28.141666667000038 ], [ -89.99783935499994, 28.135493724000071 ], [ -89.997569274999989, 28.133333333000053 ], [ -89.997798664999948, 28.131131999000047 ], [ -89.997540791999938, 28.127458954000076 ], [ -89.997727457999986, 28.125 ], [ -89.998192850999942, 28.123192851000056 ], [ -90.0, 28.118181864000064 ], [ -90.000416564999966, 28.117083232000027 ], [ -90.000617471999988, 28.116666667000061 ], [ -90.004248555999936, 28.112581635000026 ], [ -90.005555724999965, 28.111111196000024 ], [ -90.008024596999974, 28.108333333000076 ], [ -90.008188374999975, 28.108188375000054 ], [ -90.008333332999939, 28.108064524000042 ], [ -90.009524027999987, 28.107142893000059 ], [ -90.012841287999947, 28.104508209000073 ], [ -90.016666666999981, 28.102027130000067 ], [ -90.017857360999983, 28.101190440000039 ], [ -90.019086201999983, 28.1 ], [ -90.021918741999968, 28.096918742000071 ], [ -90.025, 28.094761912000024 ], [ -90.026504516999978, 28.093171183000038 ], [ -90.027642314, 28.091666667000027 ], [ -90.029927062999946, 28.088260396000067 ], [ -90.033333332999973, 28.084375 ], [ -90.033888752999985, 28.083889008000028 ], [ -90.034524027999964, 28.083333333000041 ], [ -90.038218179999944, 28.079885101000059 ], [ -90.041666666999959, 28.076436869000077 ], [ -90.042840575999946, 28.076173655000048 ], [ -90.048666889999936, 28.07633336400005 ], [ -90.05, 28.076136271000053 ], [ -90.051052855999956, 28.076052602000061 ], [ -90.058111063999945, 28.07522227000004 ], [ -90.05833333299995, 28.075203196000075 ], [ -90.05850524899995, 28.075171916000045 ], [ -90.059090677999961, 28.075 ], [ -90.06499989799994, 28.073333232000039 ], [ -90.066666666999936, 28.072967529000039 ], [ -90.069312031999971, 28.072354380000036 ], [ -90.071801248999975, 28.071801249000032 ], [ -90.075, 28.071041616000059 ], [ -90.078846231999989, 28.07051289900005 ], [ -90.07966105099996, 28.070338949000075 ], [ -90.083333332999985, 28.069761912000047 ], [ -90.08568827299996, 28.069021861000067 ], [ -90.090555317999986, 28.06666666700005 ], [ -90.091360981999969, 28.066360982000049 ], [ -90.09166666699997, 28.06620381700003 ], [ -90.092295836999938, 28.066037750000078 ], [ -90.097940062999953, 28.064606730000037 ], [ -90.1, 28.064047496000057 ], [ -90.103459166999983, 28.063207499000043 ], [ -90.104587808999952, 28.062921397000025 ], [ -90.108333332999962, 28.062037150000037 ], [ -90.111796569999967, 28.06179657000007 ], [ -90.113388061999956, 28.061611938000055 ], [ -90.116666666999947, 28.06136372900005 ], [ -90.120736185999988, 28.062596893000034 ], [ -90.121031697999967, 28.062698364000028 ], [ -90.125, 28.063978577000057 ], [ -90.127604166999959, 28.064062500000034 ], [ -90.130833434999943, 28.064166768000064 ], [ -90.133333332999939, 28.064247386000034 ], [ -90.134672546, 28.065327454000055 ], [ -90.135539245999951, 28.06666666700005 ], [ -90.136821492999957, 28.070155080000063 ], [ -90.13720550499994, 28.071127828000044 ], [ -90.138513691999947, 28.075 ], [ -90.139655049999988, 28.077011617000039 ], [ -90.141666666999981, 28.079666646000078 ], [ -90.144178262999958, 28.08082199100005 ], [ -90.148299153999972, 28.081632741000078 ], [ -90.15, 28.082175954000036 ], [ -90.150957742999935, 28.082375590000026 ], [ -90.157700601999977, 28.08270034800006 ], [ -90.158333332999973, 28.082801310000036 ], [ -90.158928425999989, 28.082737986000041 ], [ -90.165625, 28.08229166700005 ], [ -90.166666666999959, 28.082170614000063 ], [ -90.168666584999983, 28.081333415000074 ], [ -90.171783446999939, 28.080117035000058 ], [ -90.175, 28.078632355000025 ], [ -90.177647908999973, 28.077647909000063 ], [ -90.182352701999946, 28.075980377000064 ], [ -90.18333333299995, 28.07562510200006 ], [ -90.183757018999984, 28.075423686000079 ], [ -90.184722391999969, 28.075 ], [ -90.189262898999971, 28.072596232000024 ], [ -90.191666666999936, 28.071212006000053 ], [ -90.195512898999937, 28.07051289900005 ], [ -90.196212259999982, 28.070454661000042 ], [ -90.2, 28.069871775000024 ], [ -90.202451069999938, 28.069117737000056 ], [ -90.207812499999989, 28.06666666700005 ], [ -90.208127339999976, 28.066460927000037 ], [ -90.208333332999985, 28.066346232000058 ], [ -90.208870950999938, 28.06612904900004 ], [ -90.214406839999981, 28.064406840000061 ], [ -90.21666666699997, 28.063157908000051 ], [ -90.218958536999935, 28.060624949000044 ], [ -90.220652261999987, 28.058333333000064 ], [ -90.222402444999943, 28.055736033000073 ], [ -90.225, 28.052777863000074 ], [ -90.226492309999969, 28.051492564000057 ], [ -90.228333536999969, 28.05 ], [ -90.233333332999962, 28.046739197000079 ], [ -90.236979166999959, 28.045312500000023 ], [ -90.238889057999984, 28.044444529000032 ], [ -90.241666666999947, 28.043254089000072 ], [ -90.24267679899998, 28.042676799000049 ], [ -90.244047546, 28.041666667000072 ], [ -90.247777811999981, 28.039444478000064 ], [ -90.25, 28.038043467000023 ], [ -90.254166666999936, 28.0375 ], [ -90.258333332999939, 28.036666616000048 ], [ -90.261524962999943, 28.038475291000054 ], [ -90.265151468999989, 28.041666667000072 ], [ -90.266013081999972, 28.042320251000035 ], [ -90.266666666999981, 28.042857107000032 ], [ -90.269444274999955, 28.044444529000032 ], [ -90.271296182999947, 28.045370483000056 ], [ -90.275, 28.048333232000061 ], [ -90.276449075999949, 28.048550669000065 ], [ -90.282455952999953, 28.049122874000034 ], [ -90.283333332999973, 28.049242401000072 ], [ -90.284126789999959, 28.04920628900004 ], [ -90.28922780399995, 28.047560883000074 ], [ -90.291666666999959, 28.047500102000072 ], [ -90.295370482999942, 28.045370483000056 ], [ -90.296666462999951, 28.044999949000044 ], [ -90.3, 28.043678284000066 ], [ -90.301356506, 28.043023173000051 ], [ -90.302916462999974, 28.041666667000072 ], [ -90.306099446999951, 28.039433034000069 ], [ -90.30833333299995, 28.038480377000042 ], [ -90.311698913999976, 28.036698659000024 ], [ -90.314102680999952, 28.035897319000071 ], [ -90.316666666999936, 28.034848531000023 ], [ -90.31819915799997, 28.034865824000065 ], [ -90.323888651999937, 28.034444427000039 ], [ -90.325, 28.034459432000062 ], [ -90.326322936999986, 28.034656016000042 ], [ -90.331226094999977, 28.035440572000027 ], [ -90.333333332999985, 28.035745494000025 ], [ -90.335745747999965, 28.035745494000025 ], [ -90.340277607999951, 28.034722137000074 ], [ -90.34166666699997, 28.034722137000074 ], [ -90.34256744399994, 28.034234111000046 ], [ -90.343888854999989, 28.03333333300003 ], [ -90.34781748499995, 28.031150818000071 ], [ -90.35, 28.030277761000036 ], [ -90.353480020999939, 28.028479767000078 ], [ -90.35648142499997, 28.026851908000026 ], [ -90.358333332999962, 28.025862122000035 ], [ -90.359037780999984, 28.025704193000024 ], [ -90.366402180999955, 28.025264486000026 ], [ -90.366666666999947, 28.025219218000075 ], [ -90.366980997999974, 28.025314585000046 ], [ -90.37335408499996, 28.02664616900006 ], [ -90.375, 28.027298737000024 ], [ -90.378431192999983, 28.029901886000061 ], [ -90.382000223999967, 28.03333333300003 ], [ -90.382698567999967, 28.033968353000034 ], [ -90.383333332999939, 28.03440856900005 ], [ -90.385483804999978, 28.035483805000069 ], [ -90.388252766999983, 28.036746979000043 ], [ -90.391666666999981, 28.038781993000043 ], [ -90.395299275999946, 28.036965688000066 ], [ -90.397222391999946, 28.036111196000036 ], [ -90.4, 28.034821320000049 ], [ -90.40071207699998, 28.034045664000075 ], [ -90.401302082999962, 28.03333333300003 ], [ -90.404454040999951, 28.029454041000065 ], [ -90.405555724999942, 28.02777786300004 ], [ -90.407455952999953, 28.025 ], [ -90.407828266999957, 28.024494934000074 ], [ -90.408333332999973, 28.023850505000041 ], [ -90.409545389999948, 28.023787944000048 ], [ -90.414925129999972, 28.023258718000079 ], [ -90.416666666999959, 28.023177083000064 ], [ -90.417869567999958, 28.023797353000077 ], [ -90.41990763299998, 28.025 ], [ -90.423333231999948, 28.026666768000041 ], [ -90.424088937999954, 28.02706549100003 ], [ -90.432395574999987, 28.029440961000034 ], [ -90.43333333299995, 28.029722341000024 ], [ -90.436590067999987, 28.028256734000024 ], [ -90.441666666999936, 28.025 ], [ -90.445035298999983, 28.020035553000071 ], [ -90.446614582999985, 28.016666667000038 ], [ -90.447257486999945, 28.013924154000051 ], [ -90.449047851999978, 28.009285736000038 ], [ -90.449333190999937, 28.008333333000053 ], [ -90.45, 28.007608795000067 ], [ -90.451075235999951, 28.007258097000033 ], [ -90.455220031999943, 28.005219777000036 ], [ -90.458333332999985, 28.004605357000059 ], [ -90.461155700999939, 28.002822622000053 ], [ -90.464367675999938, 28.0 ], [ -90.466037495999956, 27.999371084000074 ], [ -90.46666666699997, 27.999251048000076 ], [ -90.467437235999967, 27.999229177000075 ], [ -90.474482218, 27.999482473000057 ], [ -90.475, 27.999465688000043 ], [ -90.475511168999958, 27.999488831000065 ], [ -90.47777760799994, 28.0 ], [ -90.481908670999985, 28.001424408000048 ], [ -90.483333332999962, 28.001736196000024 ], [ -90.484862263999958, 28.001528931000053 ], [ -90.490346780999971, 28.001320140000075 ], [ -90.491666666999947, 28.00116958600006 ], [ -90.492778014999942, 28.001111094000066 ], [ -90.498888651999948, 28.001111094000066 ], [ -90.5, 28.001058197000077 ], [ -90.501041666999981, 28.001041667000038 ], [ -90.50773824099997, 28.000595347000058 ], [ -90.508333332999939, 28.000584920000051 ], [ -90.50909067799995, 28.000757599000053 ], [ -90.514473469999984, 28.002192942000079 ], [ -90.516666666999981, 28.002645620000067 ], [ -90.519642638999983, 28.002976227000033 ], [ -90.522500101999981, 28.002499898000053 ], [ -90.525, 28.003030396000042 ], [ -90.528846231999978, 28.003846232000058 ], [ -90.529365030999941, 28.003968302000033 ], [ -90.533333332999973, 28.00476201400005 ], [ -90.536579894999988, 28.005086517000052 ], [ -90.538526407999939, 28.005193329000065 ], [ -90.541666666999959, 28.005482483000037 ], [ -90.54527791299995, 28.004722341000047 ], [ -90.546271768999986, 28.004605357000059 ], [ -90.55, 28.003610992000063 ], [ -90.553869119999945, 28.0 ], [ -90.556317138999987, 27.997983805000047 ], [ -90.55833333299995, 27.99715906800003 ], [ -90.561458332999962, 27.996875 ], [ -90.563802082999985, 27.997135417000038 ], [ -90.566666666999936, 27.996726227000067 ], [ -90.575, 27.992559560000075 ], [ -90.575442504999955, 27.992109172000028 ], [ -90.575999958999944, 27.991666667000061 ], [ -90.579166666999981, 27.9875 ], [ -90.582936604999986, 27.983333333000076 ], [ -90.583084614999962, 27.983084615000053 ], [ -90.583333332999985, 27.982737986000075 ], [ -90.586008199, 27.977674866000029 ], [ -90.587847391999958, 27.975 ], [ -90.58958333299995, 27.97291666700005 ], [ -90.59166666699997, 27.97083333300003 ], [ -90.593773904999978, 27.968773905000035 ], [ -90.596759032999955, 27.966666667000027 ], [ -90.598703511999986, 27.965370433000032 ], [ -90.6, 27.964898936000054 ], [ -90.60277760799994, 27.963888804000078 ], [ -90.604717, 27.963050334000059 ], [ -90.608333332999962, 27.961991882000063 ], [ -90.610416666999981, 27.960416667000061 ], [ -90.611904906999939, 27.958333333000041 ], [ -90.613440958999945, 27.955107625000039 ], [ -90.614444477999939, 27.952222188000064 ], [ -90.615333556999985, 27.95 ], [ -90.615827941999953, 27.949161530000026 ], [ -90.616666666999947, 27.947849528000063 ], [ -90.619834899999944, 27.944834646000061 ], [ -90.623275756999988, 27.94166666700005 ], [ -90.624253844999942, 27.940920512000048 ], [ -90.625, 27.940238190000059 ], [ -90.62877604199997, 27.937109375000034 ], [ -90.632291666999947, 27.934375 ], [ -90.633333332999939, 27.93355865500007 ], [ -90.633490498999947, 27.933490499000072 ], [ -90.633974202, 27.933333333000064 ], [ -90.639539082999988, 27.931205750000061 ], [ -90.641666666999981, 27.930302938000068 ], [ -90.644791666999936, 27.930208333000053 ], [ -90.646759032999967, 27.930092621000028 ], [ -90.65, 27.930000051000036 ], [ -90.652482095999972, 27.930850983000028 ], [ -90.657777912999961, 27.933333333000064 ], [ -90.658193460999939, 27.933473460000073 ], [ -90.658333332999973, 27.933510590000026 ], [ -90.658561707, 27.933561707000024 ], [ -90.664728799999978, 27.935271200000045 ], [ -90.666666666999959, 27.935648092000065 ], [ -90.669217935999939, 27.935884349000048 ], [ -90.671980793999978, 27.93635253900004 ], [ -90.675, 27.936588542000038 ], [ -90.678622944999972, 27.936956533000057 ], [ -90.679616292, 27.937050374000023 ], [ -90.68333333299995, 27.937433879000025 ], [ -90.686296081999956, 27.938703664000059 ], [ -90.691666666999936, 27.94166666700005 ], [ -90.697024027999987, 27.944642893000037 ], [ -90.7, 27.94609934500005 ], [ -90.703968301999964, 27.945634969000025 ], [ -90.704629516999944, 27.945370483000033 ], [ -90.708333332999985, 27.944642893000037 ], [ -90.71136372899997, 27.944697062000046 ], [ -90.713491821, 27.944841258000054 ], [ -90.71666666699997, 27.944892375000052 ], [ -90.719743346999962, 27.944743601000027 ], [ -90.721803791999946, 27.944863129000055 ], [ -90.725, 27.944736735000049 ], [ -90.726655069999936, 27.943321482000044 ], [ -90.72771301299997, 27.94166666700005 ], [ -90.728381855999942, 27.938285065000059 ], [ -90.72855784099994, 27.93689142900007 ], [ -90.72939809199994, 27.933333333000064 ], [ -90.729452005999974, 27.929452006000076 ], [ -90.73148142499997, 27.92685190800006 ], [ -90.731666564999955, 27.925 ], [ -90.733019001999935, 27.924685415000056 ], [ -90.733333332999962, 27.924621328000057 ], [ -90.73373006199995, 27.924603271000024 ], [ -90.740941873999986, 27.924275462000026 ], [ -90.741666666999947, 27.924242401000072 ], [ -90.742499796999937, 27.924166616000036 ], [ -90.748863728999936, 27.923863729000061 ], [ -90.75, 27.92375005100007 ], [ -90.753125, 27.921875 ], [ -90.758333332999939, 27.91875 ], [ -90.759876505999955, 27.918209839000042 ], [ -90.76354166699997, 27.916666667000072 ], [ -90.765646361999984, 27.915646362000075 ], [ -90.766666666999981, 27.914999898000076 ], [ -90.768452453999942, 27.914880880000055 ], [ -90.772685241999966, 27.914351908000071 ], [ -90.775, 27.914215597000066 ], [ -90.777032470999984, 27.914634196000065 ], [ -90.782666523999978, 27.916000112000063 ], [ -90.783333332999973, 27.91614583300003 ], [ -90.783712259999959, 27.916287994000072 ], [ -90.784524027999964, 27.916666667000072 ], [ -90.789102680999974, 27.919230652000067 ], [ -90.791666666999959, 27.920833333000076 ], [ -90.795115152999983, 27.921551768000029 ], [ -90.798148091999963, 27.923148092000076 ], [ -90.8, 27.923809560000052 ], [ -90.802702839999938, 27.91936925300007 ], [ -90.802272541999969, 27.916666667000072 ], [ -90.803571573999989, 27.911904653000079 ], [ -90.804545592999943, 27.90833333300003 ], [ -90.805882262999944, 27.905882263000024 ], [ -90.80833333299995, 27.902380880000067 ], [ -90.809126789999937, 27.900793711000063 ], [ -90.809848530999943, 27.9 ], [ -90.813541666999981, 27.896875 ], [ -90.816666666999936, 27.895161184000074 ], [ -90.818855285999973, 27.893855286000075 ], [ -90.824393716999964, 27.892272695000031 ], [ -90.825, 27.892029063000052 ], [ -90.825266519999957, 27.891933441000049 ], [ -90.826389057999961, 27.891666667000038 ], [ -90.831501769999988, 27.889835103000053 ], [ -90.833333332999985, 27.889473724000027 ], [ -90.83571421299996, 27.889285787000063 ], [ -90.838596597999981, 27.888596598000049 ], [ -90.84166666699997, 27.88842595400007 ], [ -90.84527486199994, 27.888058472000068 ], [ -90.846280923999984, 27.887947591000056 ], [ -90.85, 27.887575785000024 ], [ -90.854130045999966, 27.887463125000068 ], [ -90.854204813999957, 27.887461853000048 ], [ -90.858333332999962, 27.887351227000067 ], [ -90.862315876999958, 27.887315623000063 ], [ -90.862691242999972, 27.887308757000028 ], [ -90.866666666999947, 27.887272644000063 ], [ -90.87083333299995, 27.8875 ], [ -90.875, 27.887735748000068 ], [ -90.878359984999975, 27.888306427000032 ], [ -90.880555724999965, 27.888888804000032 ], [ -90.883333332999939, 27.88944447800003 ], [ -90.885185241999977, 27.889814758000057 ], [ -90.891025797999987, 27.891666667000038 ], [ -90.891532388999963, 27.891801198000053 ], [ -90.891666666999981, 27.891851807000023 ], [ -90.891999816999942, 27.892000071000041 ], [ -90.897514851999972, 27.894152069000029 ], [ -90.9, 27.895495605000065 ], [ -90.903144835999967, 27.89685541800003 ], [ -90.907575988999952, 27.9 ], [ -90.908033243999967, 27.900300344000073 ], [ -90.908333332999973, 27.900666555000043 ], [ -90.91224466999995, 27.904421743000057 ], [ -90.913970438999968, 27.90833333300003 ], [ -90.914920552999945, 27.910079447000044 ], [ -90.916666666999959, 27.914880880000055 ], [ -90.920833332999962, 27.9125 ], [ -90.925, 27.911309560000063 ], [ -90.926587422999944, 27.909920756000076 ], [ -90.928333536999958, 27.90833333300003 ], [ -90.930459594999945, 27.905459849000067 ], [ -90.93333333299995, 27.903869120000024 ], [ -90.936041767999939, 27.902708435000079 ], [ -90.940740966999954, 27.900925954000058 ], [ -90.941666666999936, 27.900555674000032 ], [ -90.942036946999963, 27.900370280000061 ], [ -90.943055724999965, 27.9 ], [ -90.94774780299997, 27.897747803000073 ], [ -90.95, 27.897023773000058 ], [ -90.954064940999956, 27.895935059000067 ], [ -90.95422363299997, 27.89589029900003 ], [ -90.958333332999985, 27.894827525000039 ], [ -90.961494445999961, 27.894827525000039 ], [ -90.963440958999968, 27.89489237500004 ], [ -90.96666666699997, 27.89489237500004 ], [ -90.970302835999973, 27.895303090000027 ], [ -90.971244302999935, 27.895422618000055 ], [ -90.975, 27.895833333000041 ], [ -90.97829233799996, 27.896707916000025 ], [ -90.980612182999948, 27.897278849000031 ], [ -90.983333332999962, 27.897979736000025 ], [ -90.984865823999939, 27.898467509000056 ], [ -90.989999897999951, 27.9 ], [ -90.991279092999946, 27.900387573000046 ], [ -90.991666666999947, 27.900462850000054 ], [ -90.992212930999983, 27.900546519000045 ], [ -90.998314411999957, 27.901685333000046 ], [ -91.0, 27.901923116000034 ], [ -91.002083332999973, 27.902083333000064 ], [ -91.006041462999974, 27.90229161600007 ], [ -91.008333332999939, 27.902477519000058 ], [ -91.011153665999984, 27.902820587000065 ], [ -91.013529459999972, 27.903137207000043 ], [ -91.016666666999981, 27.903508759000033 ], [ -91.020567321999977, 27.904432678000035 ], [ -91.02121225999997, 27.904545339000038 ], [ -91.025, 27.905357107000043 ], [ -91.027631631999952, 27.905701701000055 ], [ -91.030843098999981, 27.905842845000052 ], [ -91.033333332999973, 27.906122335000077 ], [ -91.035416666999936, 27.90625 ], [ -91.039666747999945, 27.906333415000063 ], [ -91.041666666999959, 27.906446584000037 ], [ -91.043254088999959, 27.90674591100003 ], [ -91.04935913099996, 27.90833333300003 ], [ -91.049864704999948, 27.908468882000079 ], [ -91.05, 27.908499908000067 ], [ -91.050231424999936, 27.908564758000068 ], [ -91.056696573999943, 27.909970347000069 ], [ -91.05833333299995, 27.910515849000035 ], [ -91.062318928999957, 27.912318929000037 ], [ -91.062570699, 27.912429301000032 ], [ -91.066666666999936, 27.914375051000036 ], [ -91.069285582999953, 27.914047496000023 ], [ -91.071985880999989, 27.913652547000027 ], [ -91.075, 27.913293711000051 ], [ -91.079045104999977, 27.912378693000051 ], [ -91.079365030999952, 27.912301636000052 ], [ -91.083333332999985, 27.911382039000046 ], [ -91.086174010999969, 27.911174266000046 ], [ -91.08888905799995, 27.911111196000036 ], [ -91.09166666699997, 27.910925802000065 ], [ -91.093868000999976, 27.910534668000025 ], [ -91.098809305999964, 27.909523773000046 ], [ -91.1, 27.909302266000054 ], [ -91.100718179999944, 27.90905176800004 ], [ -91.102451069999972, 27.90833333300003 ], [ -91.105980427999953, 27.905980428000078 ], [ -91.108333332999962, 27.90277786300004 ], [ -91.109397379999962, 27.901063792000059 ], [ -91.110057575999974, 27.9 ], [ -91.112037149999935, 27.896296183000061 ], [ -91.112378437999951, 27.895712026000069 ], [ -91.114120482999965, 27.891666667000038 ], [ -91.114254251999967, 27.889254506000043 ], [ -91.115063984999949, 27.884936015000051 ], [ -91.115178425999943, 27.883333333000053 ], [ -91.115662637999947, 27.882329305000042 ], [ -91.116666666999947, 27.876388804000044 ], [ -91.116867573999968, 27.875200907000078 ], [ -91.116954040999985, 27.875 ], [ -91.11708323199997, 27.874583435000034 ], [ -91.11875, 27.86875 ], [ -91.119444274999978, 27.866666667000061 ], [ -91.118974303999948, 27.86435902900007 ], [ -91.11788635299996, 27.859552765000046 ], [ -91.117627969999944, 27.858333333000076 ], [ -91.118229166999981, 27.856770833000041 ], [ -91.119608052999979, 27.852941132000069 ], [ -91.12083333299995, 27.85 ], [ -91.123019917999954, 27.848019918000034 ], [ -91.125, 27.845237986000029 ], [ -91.127054849999979, 27.843721517000063 ], [ -91.130357360999938, 27.841666667000027 ], [ -91.132051086, 27.840384674000063 ], [ -91.133333332999939, 27.839062500000068 ], [ -91.13629048699994, 27.836290232000067 ], [ -91.13815765399994, 27.833333333000041 ], [ -91.139889017999963, 27.831555430000037 ], [ -91.141666666999981, 27.830158742000037 ], [ -91.145707193999954, 27.829292806000069 ], [ -91.145918273999939, 27.82925160700006 ], [ -91.15, 27.828333282000074 ], [ -91.152469380999946, 27.82746912600004 ], [ -91.158333332999973, 27.825 ], [ -91.162962849999985, 27.821296183000072 ], [ -91.166666666999959, 27.81858978300005 ], [ -91.167647297999963, 27.817647044000068 ], [ -91.168939208999973, 27.81666666700005 ], [ -91.172777811999936, 27.814444478000041 ], [ -91.175, 27.813157908000051 ], [ -91.17821655299997, 27.811549632000037 ], [ -91.18333333299995, 27.808333333000064 ], [ -91.18999989799994, 27.806666565000057 ], [ -91.191666666999936, 27.805701701000032 ], [ -91.194105529999945, 27.80589421600007 ], [ -91.19866688999997, 27.80699996900006 ], [ -91.2, 27.807142893000048 ], [ -91.200900776999958, 27.807432556000037 ], [ -91.205555724999954, 27.808333333000064 ], [ -91.207142638999983, 27.809523773000024 ], [ -91.208333332999985, 27.810416667000027 ], [ -91.209313964999978, 27.809313711000073 ], [ -91.2125, 27.808333333000064 ], [ -91.216269937999982, 27.807936605000066 ], [ -91.21666666699997, 27.807936605000066 ], [ -91.217117309999935, 27.807882945000074 ], [ -91.223888651999971, 27.807222239000055 ], [ -91.225, 27.807083384000066 ], [ -91.226351419999958, 27.806981913000072 ], [ -91.231707254999947, 27.806707255000049 ], [ -91.233333332999962, 27.806578827000067 ], [ -91.235714212999937, 27.805952454000078 ], [ -91.238750202999938, 27.805416616000059 ], [ -91.241666666999947, 27.804444377000038 ], [ -91.245476277999956, 27.803809611000077 ], [ -91.246190388999935, 27.803809611000077 ], [ -91.25, 27.80333328200004 ], [ -91.253703816999973, 27.804629517000023 ], [ -91.257142638999937, 27.808333333000064 ], [ -91.257221984999944, 27.809444427000074 ], [ -91.258333332999939, 27.813888804000044 ], [ -91.258838398999956, 27.816161601000033 ], [ -91.258974202, 27.81666666700005 ], [ -91.261666869999942, 27.819999949000078 ], [ -91.262373860999958, 27.820959473000073 ], [ -91.262962849999951, 27.821296183000072 ], [ -91.266666666999981, 27.823809560000029 ], [ -91.267479450999986, 27.824186961000066 ], [ -91.269047545999967, 27.825 ], [ -91.272395832999962, 27.827604167000061 ], [ -91.275, 27.829166667000038 ], [ -91.278968301999953, 27.828968302000078 ], [ -91.279487100999972, 27.828846232000046 ], [ -91.283333332999973, 27.828571320000037 ], [ -91.28623199499998, 27.830434672000024 ], [ -91.288580321999973, 27.830246989000045 ], [ -91.291666666999959, 27.83101857500003 ], [ -91.29323883099994, 27.831760915000075 ], [ -91.3, 27.833333333000041 ], [ -91.30433349599997, 27.837333425000054 ], [ -91.30833333299995, 27.838888804000078 ], [ -91.309803771999952, 27.840195974000039 ], [ -91.315151468999943, 27.841666667000027 ], [ -91.316153970999949, 27.842179362000024 ], [ -91.316666666999936, 27.842222341000024 ], [ -91.317241413999966, 27.842241414000057 ], [ -91.320833332999939, 27.841666667000027 ], [ -91.324707539999963, 27.841374207000058 ], [ -91.325, 27.841352081000025 ], [ -91.325266519999957, 27.841399892000027 ], [ -91.329166666999981, 27.841666667000027 ], [ -91.33270416299996, 27.842295583000066 ], [ -91.333333332999985, 27.842333221000047 ], [ -91.334042357999977, 27.842375946000061 ], [ -91.34007924399998, 27.843254089000027 ], [ -91.34166666699997, 27.843333435000034 ], [ -91.34325408899997, 27.843254089000027 ], [ -91.348122151999974, 27.843544515000076 ], [ -91.35, 27.843468475000066 ], [ -91.351481627999988, 27.843148041000063 ], [ -91.35740763299998, 27.841666667000027 ], [ -91.358060200999944, 27.841393534000076 ], [ -91.358333332999962, 27.84111099200004 ], [ -91.360738626999989, 27.835738881000054 ], [ -91.362096658999974, 27.833333333000041 ], [ -91.36424509699998, 27.830911764000064 ], [ -91.366666666999947, 27.829791768000064 ], [ -91.37018330899997, 27.828516897000043 ], [ -91.372561137, 27.82743911700004 ], [ -91.375, 27.826428477000036 ], [ -91.376086933999943, 27.826086934000045 ], [ -91.377941385999975, 27.825 ], [ -91.382086181999966, 27.823752848000026 ], [ -91.383333332999939, 27.82347234100007 ], [ -91.387297566999962, 27.820631154000068 ], [ -91.388596597999936, 27.819736735000049 ], [ -91.391666666999981, 27.817607625000051 ], [ -91.392778014999976, 27.817777761000059 ], [ -91.398776753999982, 27.817889913000045 ], [ -91.4, 27.818148041000029 ], [ -91.402298990999952, 27.81896540300005 ], [ -91.404908751999983, 27.82009124800004 ], [ -91.408333332999973, 27.821052551000037 ], [ -91.412212625999985, 27.821120707000034 ], [ -91.412777709999943, 27.82111104300003 ], [ -91.416666666999959, 27.821174876000043 ], [ -91.419175719999942, 27.822490946000073 ], [ -91.424444579999943, 27.825 ], [ -91.424743651999961, 27.825256348000039 ], [ -91.425, 27.825462850000065 ], [ -91.428519693999988, 27.829813639000065 ], [ -91.432657877999986, 27.833333333000041 ], [ -91.43307952899994, 27.833587138000041 ], [ -91.43333333299995, 27.833706411000037 ], [ -91.434313964999944, 27.83431371100005 ], [ -91.43822886099997, 27.836771393000049 ], [ -91.441666666999936, 27.838809458000071 ], [ -91.444198099999937, 27.83913497900005 ], [ -91.448703511999952, 27.840370433000032 ], [ -91.45, 27.84058634400003 ], [ -91.451268004999974, 27.840398661000052 ], [ -91.457065327999942, 27.840398661000052 ], [ -91.458333332999985, 27.840131632000066 ], [ -91.459953816999985, 27.840046183000027 ], [ -91.465774027999942, 27.840773773000024 ], [ -91.46666666699997, 27.840705109000055 ], [ -91.467886352999983, 27.840447235000056 ], [ -91.472402444999943, 27.839069366000047 ], [ -91.475, 27.838636271000041 ], [ -91.478723652999975, 27.837056732000065 ], [ -91.479938252999943, 27.836728414000049 ], [ -91.483333332999962, 27.835569 ], [ -91.485304768999981, 27.835304769000061 ], [ -91.490151468999954, 27.834848531000034 ], [ -91.491666666999947, 27.834659068000065 ], [ -91.492948913999953, 27.834615326000062 ], [ -91.498717752999937, 27.834615326000062 ], [ -91.5, 27.834574382000028 ], [ -91.501227823999955, 27.834561412000028 ], [ -91.507530211999949, 27.834136454000031 ], [ -91.508333332999939, 27.834127045000059 ], [ -91.50959116599995, 27.834591166000052 ], [ -91.51369527199995, 27.836304983000048 ], [ -91.516666666999981, 27.837244924000061 ], [ -91.519325255999945, 27.839008077000074 ], [ -91.524295552999945, 27.840962474000037 ], [ -91.525, 27.84129893000005 ], [ -91.525228372999948, 27.841438293000067 ], [ -91.525396728999965, 27.841666667000027 ], [ -91.527499897999974, 27.844166565000023 ], [ -91.528977457999986, 27.846022797000046 ], [ -91.530092366999952, 27.846759288000044 ], [ -91.533333332999973, 27.849129232000053 ], [ -91.534023538999975, 27.849309540000036 ], [ -91.53450012199994, 27.85 ], [ -91.537594603999935, 27.854072062000057 ], [ -91.538333129999955, 27.855000051000047 ], [ -91.540972391999958, 27.858333333000076 ], [ -91.541308084999969, 27.858691661000023 ], [ -91.541666666999959, 27.858962250000047 ], [ -91.54275970499998, 27.859426117000055 ], [ -91.547553506999975, 27.860779826000055 ], [ -91.55, 27.8625 ], [ -91.554040526999984, 27.862373861000037 ], [ -91.554411824999988, 27.862254842000027 ], [ -91.55833333299995, 27.862037150000049 ], [ -91.561538695999957, 27.86346155800004 ], [ -91.564743550999935, 27.866666667000061 ], [ -91.565962218999971, 27.867370860000051 ], [ -91.566666666999936, 27.867708333000053 ], [ -91.568840534999936, 27.868840535000061 ], [ -91.571610005999958, 27.87005640700005 ], [ -91.575, 27.87254893000005 ], [ -91.576634215999945, 27.873366038000029 ], [ -91.580208332999973, 27.875 ], [ -91.582552082999939, 27.875781250000045 ], [ -91.583333332999985, 27.876190440000073 ], [ -91.585416666999947, 27.87708333300003 ], [ -91.588392638999949, 27.878273773000046 ], [ -91.59166666699997, 27.879824575000043 ], [ -91.594047545999956, 27.880952454000067 ], [ -91.598333231999959, 27.883333333000053 ], [ -91.599370828999952, 27.883962250000025 ], [ -91.6, 27.884523773000069 ], [ -91.602563984999961, 27.885897319000037 ], [ -91.604729715999952, 27.886936951000052 ], [ -91.608333332999962, 27.889393870000049 ], [ -91.610416666999981, 27.889583333000076 ], [ -91.614583332999985, 27.889583333000076 ], [ -91.616666666999947, 27.889743551000038 ], [ -91.620000202999961, 27.888333384000077 ], [ -91.62112426799996, 27.887790680000023 ], [ -91.625, 27.886458333000064 ], [ -91.626818338999954, 27.885151418000078 ], [ -91.629545592999989, 27.883333333000053 ], [ -91.631790160999969, 27.881790161000026 ], [ -91.633333332999939, 27.881018575000041 ], [ -91.636885070999938, 27.878551992000041 ], [ -91.639285786999949, 27.877380880000032 ], [ -91.641666666999981, 27.876086934000057 ], [ -91.642222086999936, 27.875555674000054 ], [ -91.642708332999973, 27.875 ], [ -91.644791666999936, 27.871875 ], [ -91.645601907999946, 27.870601908000026 ], [ -91.648749796999937, 27.866666667000061 ], [ -91.649275207999949, 27.865942128000029 ], [ -91.65, 27.865195974000073 ], [ -91.652991230999987, 27.86132481900006 ], [ -91.655555724999942, 27.858333333000076 ], [ -91.656355793999978, 27.856356049000055 ], [ -91.658333332999973, 27.852499898000076 ], [ -91.659140015, 27.850806427000066 ], [ -91.65964914999995, 27.85 ], [ -91.659583536999946, 27.848750051000025 ], [ -91.659259032999955, 27.842592621000051 ], [ -91.659210713999983, 27.841666667000027 ], [ -91.65907389299997, 27.840925852000055 ], [ -91.658739725999965, 27.833739726000033 ], [ -91.658680724999954, 27.833333333000041 ], [ -91.658602396999981, 27.833064524000065 ], [ -91.658333332999973, 27.83229166700005 ], [ -91.656388854999989, 27.82694447800003 ], [ -91.65608978299997, 27.825 ], [ -91.655851236999979, 27.822517649000076 ], [ -91.655423481999946, 27.819576772000062 ], [ -91.655172220999987, 27.81666666700005 ], [ -91.653846231999978, 27.812820435000049 ], [ -91.653509012999962, 27.811842092000063 ], [ -91.652298990999952, 27.808333333000064 ], [ -91.651826476999986, 27.806506856000055 ], [ -91.65, 27.801666768000075 ], [ -91.649425251999958, 27.800574748000031 ], [ -91.648484801999984, 27.8 ], [ -91.643779499999937, 27.797887421000041 ], [ -91.641666666999981, 27.79741389000003 ], [ -91.637921142999971, 27.79541193600005 ], [ -91.636000060999947, 27.794333394000034 ], [ -91.633333332999939, 27.792857107000032 ], [ -91.632727050999961, 27.792272695000065 ], [ -91.632381184999986, 27.791666667000072 ], [ -91.632828266999979, 27.791161601000056 ], [ -91.633333332999939, 27.790686289000064 ], [ -91.634722391999958, 27.790277863000028 ], [ -91.638690694, 27.788690440000039 ], [ -91.641666666999981, 27.788043467000023 ], [ -91.644173176999971, 27.789160411000069 ], [ -91.647399394, 27.789066315000071 ], [ -91.65, 27.789651998000068 ], [ -91.651721190999979, 27.789945221000039 ], [ -91.65796813999998, 27.791301727000075 ], [ -91.658333332999973, 27.79136912000007 ], [ -91.65867818199996, 27.791321818000029 ], [ -91.66570332799995, 27.790703328000063 ], [ -91.666666666999959, 27.790555573000063 ], [ -91.667464192999944, 27.79086914100003 ], [ -91.675, 27.791666667000072 ], [ -91.680158487999961, 27.794841258000076 ], [ -91.68333333299995, 27.796631114000036 ], [ -91.68564453099998, 27.797688548000053 ], [ -91.68974914599994, 27.798082479000072 ], [ -91.691666666999936, 27.798611196000024 ], [ -91.692333475999988, 27.799333445000059 ], [ -91.692750040999954, 27.8 ], [ -91.692733764999957, 27.801067352000075 ], [ -91.691666666999936, 27.803869120000059 ], [ -91.688194274999944, 27.804861196000047 ], [ -91.685937499999966, 27.805729167000038 ], [ -91.684815791999938, 27.806103033000056 ], [ -91.683276656999965, 27.811701553000034 ], [ -91.68333333299995, 27.811805471000071 ], [ -91.68581543, 27.814184316000024 ], [ -91.687820434999935, 27.81666666700005 ], [ -91.689880879999976, 27.818452454000067 ], [ -91.691666666999936, 27.819444529000066 ], [ -91.694047545999979, 27.82261912000007 ], [ -91.7, 27.825 ], [ -91.706464131999951, 27.823130798000079 ], [ -91.708333332999985, 27.822560883000051 ], [ -91.712022908999984, 27.820356242000059 ], [ -91.715789285999961, 27.817543793000027 ], [ -91.71666666699997, 27.816911825000034 ], [ -91.716794839999977, 27.816794840000057 ], [ -91.716885884999954, 27.81666666700005 ], [ -91.716870116999985, 27.816463470000031 ], [ -91.71666666699997, 27.815277863000063 ], [ -91.715841674999979, 27.809158325000055 ], [ -91.715983581999978, 27.808333333000064 ], [ -91.716125487999989, 27.807792155000072 ], [ -91.71666666699997, 27.806349182000076 ], [ -91.718926492999969, 27.802259827000057 ], [ -91.719697061999966, 27.8 ], [ -91.722643025999957, 27.79764302600006 ], [ -91.725, 27.796111043000053 ], [ -91.728252156999986, 27.794918823000046 ], [ -91.733081054999957, 27.791666667000072 ], [ -91.733240762999969, 27.791574097000023 ], [ -91.733333332999962, 27.791503143000057 ], [ -91.733536783999966, 27.791463470000053 ], [ -91.740254210999979, 27.790254211000047 ], [ -91.741666666999947, 27.789966075000052 ], [ -91.743420918999959, 27.789912160000029 ], [ -91.748351541999966, 27.790018209000038 ], [ -91.75, 27.789962006000053 ], [ -91.752631631999975, 27.789035034000051 ], [ -91.755032856999946, 27.788366445000065 ], [ -91.758333332999939, 27.786904653000079 ], [ -91.76096496599996, 27.785964966000051 ], [ -91.764676411999972, 27.785323334000054 ], [ -91.766666666999981, 27.784782664000033 ], [ -91.76804148399998, 27.784707896000043 ], [ -91.773876443999939, 27.784456889000069 ], [ -91.775, 27.784397125000055 ], [ -91.776064045999988, 27.784397125000055 ], [ -91.782407633, 27.784259288000044 ], [ -91.783333332999973, 27.784259288000044 ], [ -91.784302265999941, 27.784302266000054 ], [ -91.790697734, 27.784302266000054 ], [ -91.791666666999959, 27.784349569000028 ], [ -91.794047545999945, 27.785714213000063 ], [ -91.796247355, 27.78708597800005 ], [ -91.8, 27.788781993000043 ], [ -91.80197346999995, 27.789692942000045 ], [ -91.805769347999956, 27.791666667000072 ], [ -91.807330830999945, 27.792669169000078 ], [ -91.80833333299995, 27.793181864000076 ], [ -91.81035359699996, 27.793686930000035 ], [ -91.813700357999949, 27.794632721000028 ], [ -91.816666666999936, 27.795312500000023 ], [ -91.820312499999943, 27.795312500000023 ], [ -91.821401468999966, 27.795265198000038 ], [ -91.825, 27.795265198000038 ], [ -91.828909301999943, 27.795576223000069 ], [ -91.829390461999935, 27.795609283000033 ], [ -91.833333332999985, 27.795930227000042 ], [ -91.836110941999948, 27.797222137000063 ], [ -91.840941873999952, 27.8 ], [ -91.841427104, 27.800239817000033 ], [ -91.84166666699997, 27.800340017000053 ], [ -91.84256744399994, 27.800900777000038 ], [ -91.846565754999972, 27.803434245000062 ], [ -91.85, 27.805448659000035 ], [ -91.851960753999947, 27.806372579000026 ], [ -91.856521605999944, 27.808333333000064 ], [ -91.857805887999973, 27.808860779000042 ], [ -91.858333332999962, 27.80902786300004 ], [ -91.859010823999938, 27.80901082400004 ], [ -91.866106668999976, 27.808893585000078 ], [ -91.866666666999947, 27.808879852000075 ], [ -91.867126464999956, 27.808793132000062 ], [ -91.87083333299995, 27.808333333000064 ], [ -91.874540202, 27.807873535000056 ], [ -91.875, 27.807820638000067 ], [ -91.875559997999972, 27.80777308100005 ], [ -91.882442729, 27.807442729000059 ], [ -91.883333332999939, 27.807361094000044 ], [ -91.884561156999951, 27.807105255000067 ], [ -91.889698282999973, 27.806364950000045 ], [ -91.891666666999981, 27.805882263000058 ], [ -91.894217935999961, 27.80578231800007 ], [ -91.897272745999942, 27.805606079000029 ], [ -91.9, 27.80550308200003 ], [ -91.902829996999969, 27.80550308200003 ], [ -91.905454508, 27.805454508000025 ], [ -91.908333332999973, 27.805454508000025 ], [ -91.911016845999939, 27.805649821000031 ], [ -91.914215596999952, 27.805882263000058 ], [ -91.916666666999959, 27.806060537000064 ], [ -91.91875, 27.80625 ], [ -91.923437499999977, 27.80677083300003 ], [ -91.925, 27.806918335000034 ], [ -91.926271056999951, 27.807062022000025 ], [ -91.930769347999956, 27.808333333000064 ], [ -91.932926940999948, 27.808739726000056 ], [ -91.93333333299995, 27.808908081000027 ], [ -91.93416646299994, 27.809166718000029 ], [ -91.939969380999969, 27.810030874000063 ], [ -91.941666666999936, 27.810879517000046 ], [ -91.944487, 27.811153920000038 ], [ -91.947267659999966, 27.811065674000076 ], [ -91.95, 27.81141967800005 ], [ -91.952824909999947, 27.811158244000069 ], [ -91.955851237, 27.810815684000033 ], [ -91.958333332999985, 27.810576884000056 ], [ -91.960215250999966, 27.81021499600007 ], [ -91.965579731999981, 27.809420268000054 ], [ -91.96666666699997, 27.809226227000067 ], [ -91.967307535999964, 27.808974457000033 ], [ -91.969791666999981, 27.808333333000064 ], [ -91.973809305999964, 27.807142893000048 ], [ -91.975, 27.806845347000035 ], [ -91.977032470999973, 27.806300863000047 ], [ -91.980246988999966, 27.805246989000068 ], [ -91.983333332999962, 27.804545339000072 ], [ -91.9875, 27.804166667000061 ], [ -91.991666666999947, 27.803809611000077 ], [ -91.995306395999989, 27.804693604000079 ], [ -91.996560668999962, 27.804894257000058 ], [ -92.0, 27.805624898000076 ], [ -92.003140258999963, 27.805193329000076 ], [ -92.004928079999956, 27.804928335000056 ], [ -92.008333332999939, 27.804471588000069 ], [ -92.012015278999968, 27.80465113300005 ], [ -92.013218179999967, 27.804885101000025 ], [ -92.016666666999981, 27.805107625000062 ], [ -92.020302835999985, 27.804696910000075 ], [ -92.021202595999966, 27.804535929000053 ], [ -92.025, 27.804166667000061 ], [ -92.027856953999958, 27.805476125000041 ], [ -92.033333332999973, 27.808333333000064 ], [ -92.038436889999957, 27.81156336500004 ], [ -92.041666666999959, 27.813815816000044 ], [ -92.043372598999952, 27.814960734000067 ], [ -92.045535786999949, 27.81666666700005 ], [ -92.048275756999942, 27.818390910000062 ], [ -92.05, 27.819384003000039 ], [ -92.052577208999935, 27.81924387600003 ], [ -92.055980427999941, 27.819019572000059 ], [ -92.05833333299995, 27.818888855000068 ], [ -92.060220336999976, 27.818553416000043 ], [ -92.066161600999976, 27.817171733000066 ], [ -92.066666666999936, 27.817073059000052 ], [ -92.066956583999968, 27.816956584000025 ], [ -92.067307535999987, 27.81666666700005 ], [ -92.07233327199998, 27.813999939000041 ], [ -92.075, 27.812962850000076 ], [ -92.07789001499998, 27.811223602000041 ], [ -92.08235270199998, 27.808333333000064 ], [ -92.082763671999942, 27.807763418000036 ], [ -92.083333332999985, 27.80688400300005 ], [ -92.085017903999983, 27.801684316000035 ], [ -92.085502115999986, 27.8 ], [ -92.088381957999957, 27.796715291000055 ], [ -92.09166666699997, 27.793478139000058 ], [ -92.092537943999957, 27.792537689000028 ], [ -92.093191019999949, 27.791666667000072 ], [ -92.096420796999951, 27.788087718000043 ], [ -92.1, 27.785019938000062 ], [ -92.100977070999988, 27.784310404000053 ], [ -92.102114359999973, 27.78333333300003 ], [ -92.105653889999985, 27.780653890000053 ], [ -92.108333332999962, 27.779287974000056 ], [ -92.111522419999972, 27.778188833000058 ], [ -92.11418202699997, 27.777484385000037 ], [ -92.116666666999947, 27.776724243000046 ], [ -92.118153889999974, 27.776486969000075 ], [ -92.121723973999963, 27.775935356000048 ], [ -92.155131799999936, 28.052185696000038 ], [ -92.121815136999942, 28.057537057000047 ], [ -92.118333434999954, 28.056666565000057 ], [ -92.116666666999947, 28.056944529000077 ], [ -92.115151468999954, 28.056818136000061 ], [ -92.109848530999955, 28.056818136000061 ], [ -92.108333332999962, 28.056666565000057 ], [ -92.106818135999958, 28.056818136000061 ], [ -92.1, 28.058333333000064 ], [ -92.095000202999984, 28.061666616000025 ], [ -92.09166666699997, 28.0625 ], [ -92.08796284999994, 28.062962850000076 ], [ -92.086666869999988, 28.063333384000032 ], [ -92.083333332999985, 28.063888804000044 ], [ -92.080952453999942, 28.064285787000074 ], [ -92.075, 28.06666666700005 ], [ -92.025, 28.06666666700005 ], [ -92.019230651999976, 28.064102681000065 ], [ -92.016666666999981, 28.063333384000032 ], [ -92.008333332999939, 28.063333384000032 ], [ -92.005302937999943, 28.063636271000064 ], [ -92.002380879999976, 28.064285787000074 ], [ -92.0, 28.06458333300003 ], [ -91.997619119999968, 28.064285787000074 ], [ -91.994697061999943, 28.063636271000064 ], [ -91.991666666999947, 28.063333384000032 ], [ -91.983333332999962, 28.063333384000032 ], [ -91.980302937999966, 28.063636271000064 ], [ -91.977380879999941, 28.064285787000074 ], [ -91.975, 28.06458333300003 ], [ -91.971666462999963, 28.061666616000025 ], [ -91.96666666699997, 28.058333333000064 ], [ -91.955555724999954, 28.052777863000074 ], [ -91.952083332999962, 28.052083333000041 ], [ -91.95, 28.051388804000055 ], [ -91.948717752999983, 28.051281993000032 ], [ -91.941666666999936, 28.05 ], [ -91.93541666699997, 28.052083333000041 ], [ -91.93333333299995, 28.052380880000044 ], [ -91.932000223999978, 28.051333364000072 ], [ -91.93125, 28.05 ], [ -91.930302937999954, 28.046969604000026 ], [ -91.930302937999954, 28.044697062000068 ], [ -91.927777607999985, 28.041666667000072 ], [ -91.926190693999956, 28.040476227000056 ], [ -91.925, 28.039999898000076 ], [ -91.922222391999981, 28.038888804000067 ], [ -91.920370482999942, 28.037962850000042 ], [ -91.916666666999959, 28.036904653000079 ], [ -91.913541666999947, 28.036458333000041 ], [ -91.911110941999937, 28.036111196000036 ], [ -91.908333332999973, 28.035714213000063 ], [ -91.905302937999977, 28.036363729000072 ], [ -91.90333353699998, 28.036666616000048 ], [ -91.9, 28.0375 ], [ -91.896153767999976, 28.037820435000071 ], [ -91.895370482999965, 28.037962850000042 ], [ -91.891666666999981, 28.038333384000055 ], [ -91.88910268099994, 28.039102681000031 ], [ -91.883333332999939, 28.041666667000072 ], [ -91.876515197999936, 28.043181864000076 ], [ -91.875, 28.04375 ], [ -91.866666666999947, 28.047916667000038 ], [ -91.865475971999956, 28.048809560000052 ], [ -91.863889057999984, 28.05 ], [ -91.860714212999937, 28.052380880000044 ], [ -91.858333332999962, 28.054166667000061 ], [ -91.855302937999966, 28.055302938000068 ], [ -91.85, 28.058333333000064 ], [ -91.845000202999984, 28.061666616000025 ], [ -91.84166666699997, 28.06666666700005 ], [ -91.833333332999985, 28.06666666700005 ], [ -91.827083332999962, 28.06875 ], [ -91.825, 28.069444529000066 ], [ -91.821296182999959, 28.071296183000072 ], [ -91.82000020299995, 28.071666718000074 ], [ -91.816666666999936, 28.072916667000072 ], [ -91.814583332999973, 28.072916667000072 ], [ -91.80833333299995, 28.075 ], [ -91.8, 28.070833333000053 ], [ -91.791666666999959, 28.075 ], [ -91.783333332999973, 28.079166667000038 ], [ -91.780302937999977, 28.080302938000045 ], [ -91.777380879999953, 28.080952454000055 ], [ -91.775, 28.081666565000035 ], [ -91.772222391999946, 28.080555471000025 ], [ -91.769444274999955, 28.080555471000025 ], [ -91.766666666999981, 28.075 ], [ -91.75, 28.075 ], [ -91.743518574999939, 28.073148092000054 ], [ -91.741666666999947, 28.072916667000072 ], [ -91.739999897999951, 28.073333232000039 ], [ -91.7375, 28.075 ], [ -91.738333129999944, 28.078333282000074 ], [ -91.741666666999947, 28.083333333000041 ], [ -91.733333332999962, 28.091666667000027 ], [ -91.728333536999969, 28.088333384000066 ], [ -91.725, 28.0875 ], [ -91.71666666699997, 28.0875 ], [ -91.714285786999937, 28.089285787000051 ], [ -91.708333332999985, 28.091666667000027 ], [ -91.701851907999981, 28.089814758000045 ], [ -91.7, 28.089583333000064 ], [ -91.697916666999959, 28.089583333000064 ], [ -91.691666666999936, 28.091666667000027 ], [ -91.68333333299995, 28.091666667000027 ], [ -91.676666767999961, 28.093333435000034 ], [ -91.675, 28.09375 ], [ -91.672619119999979, 28.09404754600007 ], [ -91.669047545999945, 28.09404754600007 ], [ -91.666666666999959, 28.094444529000043 ], [ -91.664285786999983, 28.09404754600007 ], [ -91.660714212999949, 28.09404754600007 ], [ -91.658333332999973, 28.09375 ], [ -91.654999796999959, 28.096666718000051 ], [ -91.65208333299995, 28.1 ], [ -91.65138905799995, 28.101388804000067 ], [ -91.645833332999985, 28.104166667000072 ], [ -91.641666666999981, 28.105555471000059 ], [ -91.638636270999939, 28.105302938000079 ], [ -91.635714212999972, 28.105952454000033 ], [ -91.633333332999939, 28.105555471000059 ], [ -91.63125, 28.10625 ], [ -91.625, 28.108333333000076 ], [ -91.622222391999969, 28.113888804000055 ], [ -91.616666666999947, 28.116666667000061 ], [ -91.610714212999937, 28.119047546000047 ], [ -91.608333332999962, 28.119444529000077 ], [ -91.604999796999948, 28.119999949000032 ], [ -91.603703816999939, 28.120370483000045 ], [ -91.6, 28.120833333000064 ], [ -91.596666462999963, 28.119999949000032 ], [ -91.594444274999944, 28.119444529000077 ], [ -91.59166666699997, 28.11875 ], [ -91.588333129999967, 28.119999949000032 ], [ -91.587179564999985, 28.120512899000062 ], [ -91.583333332999985, 28.121666718000029 ], [ -91.580769348, 28.122436015000062 ], [ -91.575, 28.125 ], [ -91.572222391999958, 28.130555471000037 ], [ -91.566666666999936, 28.133333333000053 ], [ -91.56041666699997, 28.135416667000072 ], [ -91.55833333299995, 28.136111196000058 ], [ -91.55, 28.136111196000058 ], [ -91.546666462999951, 28.13666661600007 ], [ -91.545370482999942, 28.137037150000026 ], [ -91.541666666999959, 28.1375 ], [ -91.533333332999973, 28.1375 ], [ -91.529629516999989, 28.137037150000026 ], [ -91.528703816999951, 28.137037150000026 ], [ -91.525, 28.13666661600007 ], [ -91.521428425999943, 28.138095347000046 ], [ -91.519444274999955, 28.138888804000032 ], [ -91.516666666999981, 28.139999898000042 ], [ -91.515384419999975, 28.140384674000074 ], [ -91.5125, 28.141666667000038 ], [ -91.509848530999989, 28.143181864000042 ], [ -91.508333332999939, 28.14375 ], [ -91.5, 28.147916667000061 ], [ -91.498333231999936, 28.148333232000027 ], [ -91.491666666999947, 28.15 ], [ -91.485185241999943, 28.151851908000026 ], [ -91.483333332999962, 28.152083333000064 ], [ -91.475, 28.152083333000064 ], [ -91.473333231999959, 28.151666768000041 ], [ -91.46666666699997, 28.15 ], [ -91.458333332999985, 28.15 ], [ -91.452083332999962, 28.152083333000064 ], [ -91.45, 28.15277786300004 ], [ -91.441666666999936, 28.15277786300004 ], [ -91.439814757999955, 28.151851908000026 ], [ -91.4375, 28.15 ], [ -91.435000101999947, 28.148333232000027 ], [ -91.43333333299995, 28.147222137000028 ], [ -91.425, 28.147222137000028 ], [ -91.422916666999981, 28.147916667000061 ], [ -91.416666666999959, 28.15 ], [ -91.4, 28.15 ], [ -91.394047545999967, 28.152380880000067 ], [ -91.391666666999981, 28.15277786300004 ], [ -91.389285786999949, 28.152380880000067 ], [ -91.385714212999972, 28.152380880000067 ], [ -91.383333332999939, 28.152083333000064 ], [ -91.380952453999953, 28.152380880000067 ], [ -91.377380879999976, 28.152380880000067 ], [ -91.375, 28.15277786300004 ], [ -91.37166646299994, 28.153333282000062 ], [ -91.370000202999961, 28.153333282000062 ], [ -91.363333129999944, 28.155000051000059 ], [ -91.361666869999965, 28.155000051000059 ], [ -91.358333332999962, 28.155555471000071 ], [ -91.355952453999976, 28.155952454000044 ], [ -91.35, 28.15833333300003 ], [ -91.344047545999956, 28.155952454000044 ], [ -91.34166666699997, 28.155555471000071 ], [ -91.339285786999937, 28.155952454000044 ], [ -91.333333332999985, 28.15833333300003 ], [ -91.316666666999936, 28.15833333300003 ], [ -91.310714212999983, 28.155952454000044 ], [ -91.30833333299995, 28.155555471000071 ], [ -91.283333332999973, 28.155555471000071 ], [ -91.279999796999959, 28.155000051000059 ], [ -91.27833353699998, 28.155000051000059 ], [ -91.275, 28.154166667000027 ], [ -91.266666666999981, 28.15 ], [ -91.261666869999942, 28.146666718000063 ], [ -91.258333332999939, 28.145833333000041 ], [ -91.254999796999982, 28.146666718000063 ], [ -91.253333536999946, 28.146666718000063 ], [ -91.25, 28.147222137000028 ], [ -91.241666666999947, 28.144444529000054 ], [ -91.239583332999985, 28.14375 ], [ -91.233333332999962, 28.141666667000038 ], [ -91.208333332999985, 28.141666667000038 ], [ -91.202380879999964, 28.144047546000024 ], [ -91.2, 28.144444529000054 ], [ -91.18333333299995, 28.144444529000054 ], [ -91.180952453999964, 28.144047546000024 ], [ -91.175, 28.141666667000038 ], [ -91.169047545999945, 28.144047546000024 ], [ -91.166666666999959, 28.144444529000054 ], [ -91.158333332999973, 28.144444529000054 ], [ -91.154999796999959, 28.144999949000066 ], [ -91.15333353699998, 28.144999949000066 ], [ -91.146666462999974, 28.146666718000063 ], [ -91.145000202999938, 28.146666718000063 ], [ -91.141666666999981, 28.147222137000028 ], [ -91.139285786999949, 28.147619120000059 ], [ -91.133333332999939, 28.15 ], [ -91.125, 28.15 ], [ -91.116666666999947, 28.154166667000027 ], [ -91.113333129999944, 28.153333282000062 ], [ -91.108333332999962, 28.15 ], [ -91.104166666999959, 28.154166667000027 ], [ -91.1, 28.155555471000071 ], [ -91.083333332999985, 28.155555471000071 ], [ -91.08125, 28.15625 ], [ -91.075, 28.15833333300003 ], [ -91.06875, 28.16041666700005 ], [ -91.066666666999936, 28.161111196000036 ], [ -91.063889057999972, 28.161111196000036 ], [ -91.061666869999954, 28.161666616000048 ], [ -91.05833333299995, 28.161666616000048 ], [ -91.054629516999967, 28.16203715000006 ], [ -91.053703816999985, 28.16203715000006 ], [ -91.046296182999981, 28.162962850000042 ], [ -91.045000202999972, 28.163333384000055 ], [ -91.041666666999959, 28.163888804000067 ], [ -91.039285786999983, 28.16428578700004 ], [ -91.035714212999949, 28.16428578700004 ], [ -91.031481424999981, 28.164814758000034 ], [ -91.025, 28.166666667000072 ], [ -91.016666666999981, 28.166666667000072 ], [ -91.011666869999942, 28.163333384000055 ], [ -91.008333332999939, 28.161111196000036 ], [ -91.006818135999936, 28.159848531000023 ], [ -91.005555724999965, 28.15833333300003 ], [ -91.006944274999967, 28.156944529000043 ], [ -91.008333332999939, 28.154166667000027 ], [ -91.010185241999977, 28.151851908000026 ], [ -91.011110941999959, 28.15 ], [ -91.013333129999978, 28.146666718000063 ], [ -91.016666666999981, 28.145833333000041 ], [ -91.020000202999938, 28.146666718000063 ], [ -91.021666462999974, 28.146666718000063 ], [ -91.025, 28.147222137000028 ], [ -91.02833353699998, 28.146666718000063 ], [ -91.029629516999989, 28.146296183000061 ], [ -91.033333332999973, 28.145833333000041 ], [ -91.036363728999959, 28.144697062000034 ], [ -91.039999897999962, 28.141666667000038 ], [ -91.041049193999982, 28.141049449000036 ], [ -91.041666666999959, 28.140277863000051 ], [ -91.045000202999972, 28.13666661600007 ], [ -91.046875, 28.133333333000053 ], [ -91.048958332999973, 28.132291667000061 ], [ -91.05, 28.131666565000046 ], [ -91.051999918999968, 28.131333415000029 ], [ -91.056034341999975, 28.131034597000053 ], [ -91.05833333299995, 28.130555471000037 ], [ -91.061170450999953, 28.127836863000027 ], [ -91.062254841999959, 28.125 ], [ -91.063725280999961, 28.122058868000067 ], [ -91.063491820999957, 28.119841258000065 ], [ -91.06416676799995, 28.116666667000061 ], [ -91.06406911199997, 28.114069366000024 ], [ -91.064359028999945, 28.110640971000066 ], [ -91.064247130999945, 28.108333333000076 ], [ -91.064207457999942, 28.105874379000056 ], [ -91.06565653499996, 28.101010132000056 ], [ -91.065625, 28.1 ], [ -91.065475971999945, 28.098809560000063 ], [ -91.066666666999936, 28.091666667000027 ], [ -91.063491820999957, 28.086507924000045 ], [ -91.060000101999947, 28.083333333000041 ], [ -91.058928425999966, 28.082737986000041 ], [ -91.05833333299995, 28.082499949000066 ], [ -91.057142638999949, 28.082142893000025 ], [ -91.052941385999986, 28.080392202000041 ], [ -91.05, 28.079762014000039 ], [ -91.047143045999974, 28.080476125000075 ], [ -91.042778014999953, 28.082222239000032 ], [ -91.041666666999959, 28.082575734000045 ], [ -91.041091918999939, 28.082758586000068 ], [ -91.039999897999962, 28.083333333000041 ], [ -91.035134887999959, 28.08513514200007 ], [ -91.033333332999973, 28.085714213000074 ], [ -91.031481424999981, 28.085185242000023 ], [ -91.025, 28.083333333000041 ], [ -91.017424010999946, 28.082575734000045 ], [ -91.015740966999942, 28.082407379000074 ], [ -91.010256448999939, 28.081410217000041 ], [ -91.008333332999939, 28.08125 ], [ -91.006609089999984, 28.081609090000029 ], [ -91.0, 28.083333333000041 ], [ -90.993333434999954, 28.085000102000038 ], [ -90.991666666999947, 28.085416667000061 ], [ -90.983333332999962, 28.085416667000061 ], [ -90.980863952999982, 28.085802460000025 ], [ -90.977173868999955, 28.085507202000031 ], [ -90.975, 28.086111196000047 ], [ -90.971666462999963, 28.088333384000066 ], [ -90.967857360999972, 28.091666667000027 ], [ -90.967499796999959, 28.092500051000059 ], [ -90.96666666699997, 28.09375 ], [ -90.963541666999959, 28.096875 ], [ -90.958333332999985, 28.1 ], [ -90.95, 28.1 ], [ -90.942460123999979, 28.100793711000051 ], [ -90.941666666999936, 28.100757599000076 ], [ -90.940277607999974, 28.101388804000067 ], [ -90.936309305999941, 28.102976227000056 ], [ -90.93333333299995, 28.104629517000035 ], [ -90.931182860999968, 28.106182861000036 ], [ -90.929166666999947, 28.108333333000076 ], [ -90.927150471999937, 28.110483805000058 ], [ -90.925, 28.1125 ], [ -90.922777811999936, 28.114444478000053 ], [ -90.921296182999981, 28.116666667000061 ], [ -90.920000202999972, 28.119999949000032 ], [ -90.91851857499995, 28.123148092000065 ], [ -90.91770833299995, 28.125 ], [ -90.919444274999989, 28.127777863000063 ], [ -90.920370482999942, 28.129629517000069 ], [ -90.925, 28.133333333000053 ], [ -90.925, 28.141666667000038 ], [ -90.922916666999981, 28.147916667000061 ], [ -90.920833332999962, 28.15 ], [ -90.916666666999959, 28.154166667000027 ], [ -90.914285786999983, 28.155952454000044 ], [ -90.908333332999973, 28.15833333300003 ], [ -90.9, 28.15833333300003 ], [ -90.895000202999938, 28.161666616000048 ], [ -90.888333129999978, 28.163333384000055 ], [ -90.886110941999959, 28.163888804000067 ], [ -90.883333332999939, 28.164583333000053 ], [ -90.881481424999947, 28.164814758000034 ], [ -90.876851907999935, 28.164814758000034 ], [ -90.875, 28.164999898000076 ], [ -90.866666666999947, 28.164999898000076 ], [ -90.865384419999941, 28.165384674000052 ], [ -90.858333332999962, 28.166666667000072 ], [ -90.852563984999961, 28.169230652000067 ], [ -90.85, 28.169999949000044 ], [ -90.846296182999936, 28.170370483000056 ], [ -90.845512898999971, 28.170512899000073 ], [ -90.837820434999969, 28.171153768000067 ], [ -90.837037149999958, 28.171296183000038 ], [ -90.833333332999985, 28.17166671800004 ], [ -90.830302937999988, 28.171969604000026 ], [ -90.828030395999974, 28.171969604000026 ], [ -90.825, 28.172222137000063 ], [ -90.822619119999956, 28.172619120000036 ], [ -90.818333434999943, 28.173333232000061 ], [ -90.816666666999936, 28.173611196000024 ], [ -90.815625, 28.17395833300003 ], [ -90.8125, 28.175 ], [ -90.809524027999942, 28.176190440000028 ], [ -90.80833333299995, 28.176388804000055 ], [ -90.791666666999959, 28.176388804000055 ], [ -90.790151468999966, 28.176515198000061 ], [ -90.784848530999966, 28.176515198000061 ], [ -90.783333332999973, 28.176666768000075 ], [ -90.775, 28.176666768000075 ], [ -90.773148091999985, 28.17685190800006 ], [ -90.768518574999973, 28.17685190800006 ], [ -90.766666666999981, 28.177083333000041 ], [ -90.7, 28.177083333000041 ], [ -90.69814809199994, 28.17685190800006 ], [ -90.695015093999984, 28.175956731000042 ], [ -90.66875745599998, 28.175 ], [ -90.666666666999959, 28.175 ], [ -90.660714212999949, 28.172619120000036 ], [ -90.658333332999973, 28.172222137000063 ], [ -90.65, 28.172222137000063 ], [ -90.646666462999974, 28.17166671800004 ], [ -90.645370482999965, 28.171296183000038 ], [ -90.637962849999951, 28.170370483000056 ], [ -90.636666869999942, 28.169999949000044 ], [ -90.633333332999939, 28.169444529000032 ], [ -90.625, 28.169444529000032 ], [ -90.622619119999968, 28.169047546000058 ], [ -90.616666666999947, 28.166666667000072 ], [ -90.566666666999936, 28.166666667000072 ], [ -90.560714212999983, 28.169047546000058 ], [ -90.55833333299995, 28.170833333000076 ], [ -90.556481424999959, 28.168518575000064 ], [ -90.554166666999947, 28.166666667000072 ], [ -90.551515197999947, 28.165151469000023 ], [ -90.55, 28.164583333000053 ], [ -90.548148091999963, 28.164814758000034 ], [ -90.541666666999959, 28.166666667000072 ], [ -90.53500010199997, 28.168333435000079 ], [ -90.533333332999973, 28.16875 ], [ -90.529999796999959, 28.17166671800004 ], [ -90.525, 28.175 ], [ -90.519047545999967, 28.177380880000044 ], [ -90.516666666999981, 28.177777863000074 ], [ -90.512962849999951, 28.179629517000023 ], [ -90.511110941999959, 28.180555471000048 ], [ -90.508333332999939, 28.181944529000077 ], [ -90.507539875999953, 28.182539622000036 ], [ -90.506666564999989, 28.183333333000064 ], [ -90.502777607999974, 28.18611119600007 ], [ -90.5, 28.1875 ], [ -90.497222391999969, 28.188888804000044 ], [ -90.493333434999954, 28.19166666700005 ], [ -90.492647297999952, 28.192647044000068 ], [ -90.491666666999947, 28.193333435000056 ], [ -90.490277607999985, 28.193055471000037 ], [ -90.4875, 28.19166666700005 ], [ -90.484210713999971, 28.190789541000072 ], [ -90.483333332999962, 28.190740712000036 ], [ -90.48257598899994, 28.190909068000053 ], [ -90.48125, 28.19166666700005 ], [ -90.478125, 28.194791667000061 ], [ -90.475, 28.196666718000074 ], [ -90.47261912, 28.194047546000036 ], [ -90.471875, 28.19166666700005 ], [ -90.469354756999962, 28.188978577000057 ], [ -90.46666666699997, 28.1875 ], [ -90.463792927999975, 28.18879318200004 ], [ -90.458333332999985, 28.19166666700005 ], [ -90.454629516999944, 28.196296183000072 ], [ -90.453333536999935, 28.196666718000074 ], [ -90.45, 28.198333232000039 ], [ -90.44907429999995, 28.199074046000078 ], [ -90.447916666999959, 28.2 ], [ -90.441666666999936, 28.20625 ], [ -90.439814757999955, 28.20648142500005 ], [ -90.43333333299995, 28.208333333000041 ], [ -90.427941385999986, 28.211274465000031 ], [ -90.425, 28.2125 ], [ -90.422368367999979, 28.214035034000062 ], [ -90.416666666999959, 28.216666667000027 ], [ -90.411363728999959, 28.219697062000023 ], [ -90.408333332999973, 28.221428680000031 ], [ -90.405701700999941, 28.222368368000048 ], [ -90.4, 28.225 ], [ -90.393627420999962, 28.226960754000061 ], [ -90.391666666999981, 28.227777863000028 ], [ -90.383333332999939, 28.230555471000059 ], [ -90.38125, 28.23125 ], [ -90.375, 28.233333333000076 ], [ -90.368627420999985, 28.235294088000046 ], [ -90.366666666999947, 28.235714213000051 ], [ -90.36287892699994, 28.237878672000079 ], [ -90.361666869999965, 28.238333384000043 ], [ -90.358333332999962, 28.239814758000023 ], [ -90.356818135999958, 28.240151469000068 ], [ -90.35, 28.241666667000061 ], [ -90.34325408899997, 28.243254089000061 ], [ -90.34166666699997, 28.24375 ], [ -90.339444477999962, 28.243888855000023 ], [ -90.335555521999936, 28.243888855000023 ], [ -90.333333332999985, 28.244047546000047 ], [ -90.330555724999954, 28.244444529000077 ], [ -90.328125, 28.244791667000072 ], [ -90.325, 28.245237986000063 ], [ -90.321428425999954, 28.245237986000063 ], [ -90.32000020299995, 28.244999949000032 ], [ -90.316666666999936, 28.244999949000032 ], [ -90.312820434999935, 28.246153768000056 ], [ -90.311666869999954, 28.246666718000029 ], [ -90.30833333299995, 28.247916667000027 ], [ -90.3, 28.247916667000027 ], [ -90.297222391999981, 28.247222137000051 ], [ -90.295000202999972, 28.246666718000029 ], [ -90.291666666999959, 28.245833333000064 ], [ -90.287962849999985, 28.246296183000027 ], [ -90.286666869999976, 28.246666718000029 ], [ -90.283333332999973, 28.247222137000051 ], [ -90.280555724999942, 28.247222137000051 ], [ -90.275, 28.25 ], [ -90.266666666999981, 28.25 ], [ -90.261666869999942, 28.246666718000029 ], [ -90.254999796999982, 28.244999949000032 ], [ -90.253333536999946, 28.244999949000032 ], [ -90.25, 28.244444529000077 ], [ -90.247619119999968, 28.244047546000047 ], [ -90.241666666999947, 28.241666667000061 ], [ -90.236363728999947, 28.244697062000057 ], [ -90.233333332999962, 28.244999949000032 ], [ -90.229487100999961, 28.246153768000056 ], [ -90.228333536999969, 28.246666718000029 ], [ -90.225, 28.247916667000027 ], [ -90.21666666699997, 28.247916667000027 ], [ -90.214285786999937, 28.247619120000024 ], [ -90.21071421299996, 28.247619120000024 ], [ -90.208333332999985, 28.247222137000051 ], [ -90.206481424999936, 28.248148092000065 ], [ -90.202563984999983, 28.247436015000062 ], [ -90.2, 28.247916667000027 ], [ -90.198484801999939, 28.248484802000064 ], [ -90.195833332999939, 28.25 ], [ -90.196969603999946, 28.253030396000042 ], [ -90.2, 28.255555471000037 ], [ -90.202380879999964, 28.255952454000067 ], [ -90.204166666999981, 28.258333333000053 ], [ -90.201851907999981, 28.260185242000034 ], [ -90.2, 28.261111196000058 ], [ -90.191666666999936, 28.263888804000032 ], [ -90.18863627099995, 28.261363729000038 ], [ -90.1875, 28.258333333000053 ], [ -90.185714212999983, 28.255952454000067 ], [ -90.18333333299995, 28.255555471000037 ], [ -90.181944274999978, 28.256944529000066 ], [ -90.180952453999964, 28.258333333000053 ], [ -90.179999796999937, 28.26166661600007 ], [ -90.179999796999937, 28.263333384000077 ], [ -90.177777607999985, 28.266666667000038 ], [ -90.176190693999956, 28.267857107000054 ], [ -90.175, 28.268333435000045 ], [ -90.172916666999981, 28.26875 ], [ -90.16979166699997, 28.26979166700005 ], [ -90.166666666999959, 28.270237986000041 ], [ -90.163095092999981, 28.270237986000041 ], [ -90.162037149999946, 28.270370483000079 ], [ -90.158333332999973, 28.270370483000079 ], [ -90.154999796999959, 28.271666718000063 ], [ -90.15, 28.275 ], [ -90.146296182999947, 28.279629517000046 ], [ -90.141666666999981, 28.28333333300003 ], [ -90.13717956499994, 28.287179565000031 ], [ -90.133333332999939, 28.289583333000053 ], [ -90.129166666999936, 28.291666667000072 ], [ -90.125, 28.29375 ], [ -90.121153767999942, 28.296153768000067 ], [ -90.116666666999947, 28.3 ], [ -90.111666869999965, 28.30333328200004 ], [ -90.108333332999962, 28.305555471000048 ], [ -90.10625, 28.30625 ], [ -90.1, 28.308333333000064 ], [ -90.09166666699997, 28.31666666700005 ], [ -90.085416666999947, 28.31875 ], [ -90.083333332999985, 28.319444529000066 ], [ -90.075, 28.319444529000066 ], [ -90.071296182999959, 28.321296183000072 ], [ -90.066666666999936, 28.325 ], [ -90.05833333299995, 28.333333333000041 ], [ -90.053703816999985, 28.337037150000072 ], [ -90.05, 28.341666667000027 ], [ -90.046875, 28.346875 ], [ -90.045000202999972, 28.35 ], [ -90.044230651999953, 28.352563985000074 ], [ -90.041666666999959, 28.358333333000076 ], [ -90.039814757999977, 28.364814758000023 ], [ -90.038889057999938, 28.366666667000061 ], [ -90.036110941999937, 28.375 ], [ -90.035416666999936, 28.37708333300003 ], [ -90.033333332999973, 28.383333333000053 ], [ -90.03125, 28.389583333000076 ], [ -90.030555724999942, 28.391666667000038 ], [ -90.027777607999951, 28.4 ], [ -90.026666767999984, 28.401666768000041 ], [ -90.025, 28.404166667000027 ], [ -90.02333323199997, 28.406666565000023 ], [ -90.022222391999946, 28.40833333300003 ], [ -90.020370482999965, 28.41203715000006 ], [ -90.016666666999981, 28.416666667000072 ], [ -90.013636270999939, 28.421969604000026 ], [ -90.0125, 28.425 ], [ -90.011110941999959, 28.427777863000074 ], [ -90.008333332999939, 28.433333333000064 ], [ -90.005769347999944, 28.439102681000065 ], [ -90.004999796999982, 28.44166666700005 ], [ -90.00249989799994, 28.444166565000046 ], [ -90.0, 28.446666718000074 ], [ -89.998148091999951, 28.448148092000054 ], [ -89.99583333299995, 28.45 ], [ -89.995000202999961, 28.453333282000074 ], [ -89.995000202999961, 28.45500005100007 ], [ -89.994444274999978, 28.458333333000041 ], [ -89.997222391999969, 28.466666667000027 ], [ -89.998666889999981, 28.468000031000031 ], [ -90.0, 28.469999949000055 ], [ -90.002380879999976, 28.472619120000047 ], [ -90.004999796999982, 28.475 ], [ -90.003571573999977, 28.478571320000071 ], [ -90.003333536999946, 28.480000051000047 ], [ -90.002380879999976, 28.483333333000076 ], [ -90.002380879999976, 28.485714213000051 ], [ -90.003030395999986, 28.488636271000075 ], [ -90.003030395999986, 28.491666667000061 ], [ -90.006131999, 28.493868001000067 ], [ -90.006131999, 28.497798665000062 ], [ -90.006944274999967, 28.5 ], [ -90.007494099999974, 28.500839233000079 ], [ -90.008333332999939, 28.508333333000053 ], [ -90.012675984999987, 28.512324015000047 ], [ -90.012745157999973, 28.51274515800003 ], [ -90.014394123999978, 28.516666667000038 ], [ -90.014367675999949, 28.518965403000038 ], [ -90.015454609999949, 28.523787944000048 ], [ -90.015432230999977, 28.525 ], [ -90.015843708999967, 28.525822957000059 ], [ -90.016666666999981, 28.526851908000026 ], [ -90.020097859999964, 28.529901886000061 ], [ -90.021333312999957, 28.53333333300003 ], [ -90.023184712999978, 28.535148621000076 ], [ -90.025, 28.541666667000072 ], [ -90.023958332999939, 28.54895833300003 ], [ -90.02333323199997, 28.55 ], [ -90.02079060899996, 28.554123688000061 ], [ -90.016666666999981, 28.55740737900004 ], [ -90.016301472999942, 28.557968394000056 ], [ -90.015625, 28.558333333000064 ], [ -90.014166767999939, 28.56083323200005 ], [ -90.013095092999947, 28.563095347000058 ], [ -90.009524027999987, 28.56666666700005 ], [ -90.009166462999985, 28.567500051000025 ], [ -90.008333332999939, 28.568333435000056 ], [ -90.006816584999967, 28.573262868000029 ], [ -89.992202461999966, 28.589041813000051 ] ] ] ] } },
{ "type": "Feature", "properties": { "subarea_id": 5, "area_km2": 1954.2125740229706 }, "geometry": { "type": "MultiPolygon", "coordinates": [ [ [ [ -92.827655527, 27.711078560000033 ], [ -92.874170136999965, 28.040557044000025 ], [ -92.856560546999958, 28.041223437000042 ], [ -92.851666767999973, 28.039999898000076 ], [ -92.85, 28.039583333000053 ], [ -92.846153767999965, 28.037179565000031 ], [ -92.845000202999984, 28.036666616000048 ], [ -92.84166666699997, 28.035000102000026 ], [ -92.83888905799995, 28.036111196000036 ], [ -92.836666869999988, 28.036666616000048 ], [ -92.833333332999985, 28.038888804000067 ], [ -92.829999796999971, 28.038333384000055 ], [ -92.828703816999962, 28.037962850000042 ], [ -92.825, 28.0375 ], [ -92.816666666999936, 28.0375 ], [ -92.81333313, 28.036666616000048 ], [ -92.811110941999971, 28.036111196000036 ], [ -92.80833333299995, 28.03541666700005 ], [ -92.8, 28.039583333000053 ], [ -92.798717752999949, 28.040384674000052 ], [ -92.795833332999962, 28.041666667000072 ], [ -92.793181863999962, 28.043181864000076 ], [ -92.791666666999959, 28.04375 ], [ -92.788541666999947, 28.046875 ], [ -92.783333332999973, 28.05 ], [ -92.786363728999959, 28.055302938000068 ], [ -92.7875, 28.058333333000064 ], [ -92.785714212999949, 28.06071421300004 ], [ -92.783333332999973, 28.0625 ], [ -92.779629516999989, 28.062962850000076 ], [ -92.77833353699998, 28.063333384000032 ], [ -92.775, 28.063888804000044 ], [ -92.772619119999945, 28.064285787000074 ], [ -92.766666666999981, 28.06666666700005 ], [ -92.758333332999939, 28.0625 ], [ -92.754999796999982, 28.063333384000032 ], [ -92.753333536999946, 28.063333384000032 ], [ -92.75, 28.063888804000044 ], [ -92.74666646299994, 28.063333384000032 ], [ -92.745000202999961, 28.063333384000032 ], [ -92.741666666999947, 28.0625 ], [ -92.739285786999972, 28.06071421300004 ], [ -92.733333332999962, 28.058333333000064 ], [ -92.725, 28.058333333000064 ], [ -92.718333434999977, 28.06000010200006 ], [ -92.71666666699997, 28.060416667000027 ], [ -92.708333332999985, 28.06458333300003 ], [ -92.7, 28.06458333300003 ], [ -92.698333231999982, 28.064999898000053 ], [ -92.691666666999936, 28.06666666700005 ], [ -92.686363728999936, 28.069697062000046 ], [ -92.68333333299995, 28.070833333000053 ], [ -92.679999796999937, 28.071666718000074 ], [ -92.677777607999985, 28.07222213700004 ], [ -92.675, 28.072916667000072 ], [ -92.673484801999962, 28.073484802000053 ], [ -92.670833332999962, 28.075 ], [ -92.668333434999965, 28.076666768000052 ], [ -92.666666666999959, 28.077777863000051 ], [ -92.658333332999973, 28.080555471000025 ], [ -92.656481424999981, 28.08148142500005 ], [ -92.65, 28.083333333000041 ], [ -92.645000202999938, 28.086666616000059 ], [ -92.641666666999981, 28.088888804000078 ], [ -92.639583332999962, 28.089583333000064 ], [ -92.633333332999939, 28.091666667000027 ], [ -92.625, 28.091666667000027 ], [ -92.618518574999939, 28.093518575000076 ], [ -92.616666666999947, 28.09375 ], [ -92.613889057999984, 28.094444529000043 ], [ -92.611666869999965, 28.094999949000055 ], [ -92.608333332999962, 28.09583333300003 ], [ -92.605302937999966, 28.094697062000023 ], [ -92.6, 28.091666667000027 ], [ -92.595000202999984, 28.088333384000066 ], [ -92.589999897999974, 28.085000102000038 ], [ -92.585000101999981, 28.081666565000035 ], [ -92.583333332999985, 28.080555471000025 ], [ -92.580302937999988, 28.078030396000031 ], [ -92.575, 28.075 ], [ -92.566666666999936, 28.06666666700005 ], [ -92.566666666999936, 28.058333333000064 ], [ -92.55833333299995, 28.05 ], [ -92.553703816999985, 28.046296183000038 ], [ -92.55, 28.044444529000032 ], [ -92.533333332999973, 28.044444529000032 ], [ -92.53125, 28.04375 ], [ -92.525, 28.041666667000072 ], [ -92.520634968999957, 28.03769836400005 ], [ -92.516666666999981, 28.035714213000063 ], [ -92.515217589999963, 28.034782664000033 ], [ -92.513889057999961, 28.03333333300003 ], [ -92.51184234599998, 28.029824575000077 ], [ -92.508333332999939, 28.026666768000041 ], [ -92.507221984999944, 28.026111094000044 ], [ -92.505555724999965, 28.025 ], [ -92.502563984999938, 28.022436015000039 ], [ -92.5, 28.020833333000041 ], [ -92.49583333299995, 28.016666667000038 ], [ -92.493115742999976, 28.015217336000035 ], [ -92.491666666999947, 28.014814758000057 ], [ -92.489285786999972, 28.014285787000063 ], [ -92.486110941999982, 28.013888804000032 ], [ -92.483333332999962, 28.013095347000046 ], [ -92.480863952999982, 28.010802460000036 ], [ -92.476666767999973, 28.008333333000053 ], [ -92.475666808999961, 28.007666779000033 ], [ -92.475, 28.007407379000028 ], [ -92.472916666999936, 28.008333333000053 ], [ -92.468666584999937, 28.010333252000066 ], [ -92.46666666699997, 28.011904653000045 ], [ -92.464285786999937, 28.014285787000063 ], [ -92.4625, 28.016666667000038 ], [ -92.462037149999958, 28.020370483000079 ], [ -92.462037149999958, 28.021296183000061 ], [ -92.461666869999988, 28.025 ], [ -92.461508178999964, 28.028174591000038 ], [ -92.461666869999988, 28.030000051000059 ], [ -92.461538696, 28.03333333300003 ], [ -92.460185241999966, 28.035185242000068 ], [ -92.458333332999985, 28.037962850000042 ], [ -92.455863952999948, 28.039197540000032 ], [ -92.45, 28.041666667000072 ], [ -92.443181863999939, 28.043181864000076 ], [ -92.441666666999936, 28.044166565000069 ], [ -92.438131205, 28.046464539000056 ], [ -92.435185241999989, 28.05 ], [ -92.434666442999969, 28.051333364000072 ], [ -92.434126789999937, 28.057539622000036 ], [ -92.433928425999966, 28.058333333000064 ], [ -92.433823648999976, 28.058823649000033 ], [ -92.43333333299995, 28.0625 ], [ -92.425, 28.0625 ], [ -92.422619119999979, 28.064285787000074 ], [ -92.416666666999959, 28.06666666700005 ], [ -92.383333332999939, 28.06666666700005 ], [ -92.377380879999976, 28.069047546000036 ], [ -92.375, 28.069444529000066 ], [ -92.366666666999947, 28.07222213700004 ], [ -92.364583332999985, 28.072916667000072 ], [ -92.358333332999962, 28.075 ], [ -92.352380879999941, 28.077380880000078 ], [ -92.35, 28.077777863000051 ], [ -92.34166666699997, 28.080555471000025 ], [ -92.316666666999936, 28.080555471000025 ], [ -92.31333313, 28.08000005100007 ], [ -92.311666869999954, 28.08000005100007 ], [ -92.30833333299995, 28.079166667000038 ], [ -92.304999796999937, 28.08000005100007 ], [ -92.303333536999958, 28.08000005100007 ], [ -92.3, 28.080555471000025 ], [ -92.291666666999959, 28.080555471000025 ], [ -92.288333129999955, 28.08000005100007 ], [ -92.286666869999976, 28.08000005100007 ], [ -92.283333332999973, 28.079166667000038 ], [ -92.275, 28.079166667000038 ], [ -92.272916666999947, 28.077083333000076 ], [ -92.272222391999946, 28.075 ], [ -92.269697061999977, 28.07196960400006 ], [ -92.266666666999981, 28.069444529000066 ], [ -92.259840662999977, 28.071719724000047 ], [ -92.255215733999989, 28.07222213700004 ], [ -92.25, 28.07222213700004 ], [ -92.24666646299994, 28.071666718000074 ], [ -92.245000202999961, 28.071666718000074 ], [ -92.241666666999947, 28.070833333000053 ], [ -92.239583332999985, 28.06875 ], [ -92.238889057999984, 28.06666666700005 ], [ -92.235897318999946, 28.064102681000065 ], [ -92.233333332999962, 28.0625 ], [ -92.229999796999948, 28.061666616000025 ], [ -92.225, 28.058333333000064 ], [ -92.21666666699997, 28.05 ], [ -92.21071421299996, 28.047619120000036 ], [ -92.208333332999985, 28.047222137000063 ], [ -92.204166666999981, 28.045833333000076 ], [ -92.2, 28.044791667000027 ], [ -92.196666462999985, 28.044999949000044 ], [ -92.194697061999989, 28.044697062000068 ], [ -92.191666666999936, 28.044999949000044 ], [ -92.187962849999963, 28.045370483000056 ], [ -92.186666869999954, 28.044999949000044 ], [ -92.18333333299995, 28.045833333000076 ], [ -92.166666666999959, 28.045833333000076 ], [ -92.159549288999983, 28.049392022000063 ], [ -92.12799827799995, 27.776974257000063 ], [ -92.147490469, 27.775061696000023 ], [ -92.149803669999983, 27.775196075000053 ], [ -92.15, 27.775223287000074 ], [ -92.15024617499995, 27.775246429000049 ], [ -92.157147216999988, 27.776186117000066 ], [ -92.158333332999973, 27.776287333000028 ], [ -92.160122171999944, 27.776789093000048 ], [ -92.164137268, 27.777529144000027 ], [ -92.166666666999959, 27.77845738700006 ], [ -92.170192463999967, 27.779807790000064 ], [ -92.173809305999953, 27.782142893000071 ], [ -92.175, 27.782812500000034 ], [ -92.175370279999981, 27.78296305300006 ], [ -92.175925699999937, 27.78333333300003 ], [ -92.181120299999975, 27.785546366000062 ], [ -92.18333333299995, 27.786796570000035 ], [ -92.186757913999941, 27.788242086000025 ], [ -92.19148559599995, 27.791666667000072 ], [ -92.191587829999946, 27.79174524900003 ], [ -92.191666666999936, 27.791830190000042 ], [ -92.192063395, 27.792063395000071 ], [ -92.197090148999962, 27.794576772000028 ], [ -92.2, 27.797222137000063 ], [ -92.201490274999969, 27.798509471000045 ], [ -92.202777607999963, 27.8 ], [ -92.20502980599997, 27.803303274000029 ], [ -92.208333332999985, 27.808333333000064 ], [ -92.215573628999948, 27.809426117000044 ], [ -92.21666666699997, 27.809615326000028 ], [ -92.219697061999966, 27.81136372900005 ], [ -92.221099344999971, 27.81223398800006 ], [ -92.225, 27.814062500000034 ], [ -92.226960753999947, 27.814705912000079 ], [ -92.232993062, 27.816326650000065 ], [ -92.233333332999962, 27.816428630000075 ], [ -92.233529662999956, 27.816470591000041 ], [ -92.234722391999981, 27.81666666700005 ], [ -92.240598042999977, 27.817735036000045 ], [ -92.241666666999947, 27.817929331000073 ], [ -92.243055724999977, 27.818055471000037 ], [ -92.248026529999947, 27.818640391000031 ], [ -92.25, 27.818809509000062 ], [ -92.252112833999945, 27.818779246000076 ], [ -92.256220499999984, 27.818779246000076 ], [ -92.258333332999939, 27.81875 ], [ -92.260256448999939, 27.81858978300005 ], [ -92.265151468999989, 27.818181864000053 ], [ -92.266666666999981, 27.818055471000037 ], [ -92.267901102999986, 27.817901357000039 ], [ -92.274726867999959, 27.816939799000068 ], [ -92.275, 27.816904704000024 ], [ -92.275757344999988, 27.81666666700005 ], [ -92.281884256999945, 27.815217336000046 ], [ -92.283333332999973, 27.814930471000025 ], [ -92.285858662999942, 27.814141337000024 ], [ -92.288262938999935, 27.813262939000026 ], [ -92.291666666999959, 27.812351227000079 ], [ -92.294608053, 27.811274465000054 ], [ -92.298039245999973, 27.810294088000035 ], [ -92.3, 27.809656016000076 ], [ -92.300936380999985, 27.809269714000038 ], [ -92.303086343999951, 27.808333333000064 ], [ -92.306685892999951, 27.80668614700005 ], [ -92.30833333299995, 27.806010946000072 ], [ -92.311874897999985, 27.80479176800003 ], [ -92.312790933999963, 27.804457347000039 ], [ -92.316666666999936, 27.803205109000032 ], [ -92.319007364999948, 27.802340698000023 ], [ -92.32467956499994, 27.8 ], [ -92.324889627999937, 27.799889628000074 ], [ -92.325, 27.799836477000042 ], [ -92.325327046999973, 27.799673208000058 ], [ -92.330463663999979, 27.797130330000073 ], [ -92.333333332999985, 27.795666758000038 ], [ -92.336296082, 27.794629669000074 ], [ -92.340957641999978, 27.79237594600005 ], [ -92.34166666699997, 27.792073059000074 ], [ -92.341954040999951, 27.791954041000054 ], [ -92.342499796999959, 27.791666667000072 ], [ -92.347321573999977, 27.788987986000052 ], [ -92.35, 27.787612661000026 ], [ -92.353815205999979, 27.787148539000043 ], [ -92.354577636999977, 27.787089284000047 ], [ -92.358333332999962, 27.786666616000048 ], [ -92.361200968, 27.786200714000074 ], [ -92.365185037999936, 27.784814707000066 ], [ -92.366666666999947, 27.784482829000069 ], [ -92.369697061999943, 27.786363729000072 ], [ -92.37133331299998, 27.78700002000005 ], [ -92.371969603999958, 27.78863627100003 ], [ -92.37385050499995, 27.791666667000072 ], [ -92.374600727999962, 27.792065938000064 ], [ -92.375, 27.792204285000025 ], [ -92.375775145999967, 27.792441813000039 ], [ -92.381220499999984, 27.793779246000042 ], [ -92.383333332999939, 27.794551341000044 ], [ -92.387439472999972, 27.79589360600005 ], [ -92.387820434999981, 27.796153768000067 ], [ -92.391666666999981, 27.798333232000061 ], [ -92.392499796999971, 27.799166616000036 ], [ -92.393055724999954, 27.8 ], [ -92.396183267999959, 27.80381673200003 ], [ -92.4, 27.808333333000064 ], [ -92.403530883999963, 27.813135529000078 ], [ -92.405952453999987, 27.81666666700005 ], [ -92.407000223999944, 27.818000031000054 ], [ -92.408333332999973, 27.819753011000046 ], [ -92.410734557999945, 27.822598775000074 ], [ -92.412760416999959, 27.825 ], [ -92.414492797999969, 27.827173869000035 ], [ -92.416666666999959, 27.83020833300003 ], [ -92.418390909999971, 27.831609090000029 ], [ -92.420416767999939, 27.833333333000041 ], [ -92.423148091999963, 27.835185242000023 ], [ -92.425, 27.836728414000049 ], [ -92.42803039599994, 27.838636271000041 ], [ -92.431666564999944, 27.841666667000027 ], [ -92.432673135999948, 27.842326609000054 ], [ -92.43333333299995, 27.842777761000036 ], [ -92.435897319, 27.844230652000078 ], [ -92.437984720999964, 27.845348867000041 ], [ -92.441666666999936, 27.84775644900003 ], [ -92.44322204599996, 27.848444366000024 ], [ -92.446153767999988, 27.85 ], [ -92.448749796999948, 27.851249949000078 ], [ -92.45, 27.851923116000023 ], [ -92.452941385999964, 27.852941132000069 ], [ -92.454797871999972, 27.853535461000035 ], [ -92.458333332999985, 27.854861196000058 ], [ -92.46141967799997, 27.855246989000079 ], [ -92.464035033999949, 27.855701701000044 ], [ -92.46666666699997, 27.856060537000076 ], [ -92.468794249999974, 27.856205750000072 ], [ -92.473571269, 27.856904856000028 ], [ -92.475, 27.857017517000031 ], [ -92.476562499999943, 27.856770833000041 ], [ -92.483333332999962, 27.855701701000044 ], [ -92.487345885999957, 27.854012299000033 ], [ -92.487962849999974, 27.853703817000053 ], [ -92.492999775999976, 27.851333364000027 ], [ -92.495370482999988, 27.85 ], [ -92.497548929999937, 27.847548930000073 ], [ -92.5, 27.843055471000071 ], [ -92.500248717999966, 27.84191538500005 ], [ -92.500231424999981, 27.841666667000027 ], [ -92.500179035999963, 27.841487376000032 ], [ -92.5, 27.833333333000041 ], [ -92.500423685999976, 27.825423686000079 ], [ -92.500438435999968, 27.825 ], [ -92.500640868999938, 27.824358877000066 ], [ -92.501836140999956, 27.818502808000062 ], [ -92.502642313999957, 27.81666666700005 ], [ -92.504570006999984, 27.812903341000037 ], [ -92.507291666999947, 27.809375 ], [ -92.508045958999958, 27.808333333000064 ], [ -92.508150227999977, 27.808150228000045 ], [ -92.508333332999939, 27.807894643000054 ], [ -92.511524962999943, 27.803191376000029 ], [ -92.513171894999971, 27.8 ], [ -92.514409891999946, 27.797742971000048 ], [ -92.516666666999981, 27.795075734000079 ], [ -92.520338948999949, 27.796327718000043 ], [ -92.521581014, 27.796581268000068 ], [ -92.525, 27.797530874000074 ], [ -92.526990254999987, 27.79801 ], [ -92.52833353699998, 27.8 ], [ -92.530630493, 27.802702586000066 ], [ -92.533333332999973, 27.805000051000036 ], [ -92.536110941999937, 27.805555471000048 ], [ -92.538889057999938, 27.808333333000064 ], [ -92.540822855999977, 27.809177144000046 ], [ -92.541666666999959, 27.809666697000068 ], [ -92.545202127999971, 27.813131205000047 ], [ -92.547701008999979, 27.81666666700005 ], [ -92.548966470999972, 27.817700195000043 ], [ -92.55, 27.819697062000046 ], [ -92.553809610999963, 27.820476278000058 ], [ -92.554411824999988, 27.820588175000069 ], [ -92.55833333299995, 27.821428680000054 ], [ -92.561991881999973, 27.821341451000023 ], [ -92.56289316799996, 27.821226501000069 ], [ -92.566666666999936, 27.821153768000045 ], [ -92.570748392999974, 27.820918274000064 ], [ -92.570897419999937, 27.820897420000051 ], [ -92.575, 27.820698802000038 ], [ -92.578731282999968, 27.820397949000039 ], [ -92.579629516999944, 27.820370483000033 ], [ -92.583333332999985, 27.820098114000075 ], [ -92.586574299999938, 27.819907379000028 ], [ -92.588425699999959, 27.819907379000028 ], [ -92.59166666699997, 27.819736735000049 ], [ -92.594547525999985, 27.819547272000079 ], [ -92.597260029999973, 27.819406382000068 ], [ -92.6, 27.819230652000044 ], [ -92.602409870999963, 27.819076284000062 ], [ -92.606012471999975, 27.818987274000051 ], [ -92.608333332999962, 27.818849182000065 ], [ -92.610046894999982, 27.818379974000038 ], [ -92.616666666999947, 27.81666666700005 ], [ -92.622787475999985, 27.814454397000077 ], [ -92.625, 27.813825734000034 ], [ -92.628746540999941, 27.812080129000037 ], [ -92.629908751999949, 27.811757914000054 ], [ -92.633333332999939, 27.810526276000076 ], [ -92.635106404999988, 27.810106405000056 ], [ -92.641666666999981, 27.808333333000064 ], [ -92.648343912999962, 27.806676992000064 ], [ -92.65, 27.806401062000077 ], [ -92.651891072999945, 27.806442006000054 ], [ -92.656021117999956, 27.806021118000046 ], [ -92.658333332999973, 27.806060537000064 ], [ -92.660176594999939, 27.806490072000031 ], [ -92.664959207999971, 27.806626129000051 ], [ -92.666666666999959, 27.806910451000078 ], [ -92.66826477099994, 27.806735229000026 ], [ -92.672793069999955, 27.806126658000039 ], [ -92.675, 27.805897522000066 ], [ -92.677649942999949, 27.80568339000007 ], [ -92.680412291999971, 27.805412292000028 ], [ -92.68333333299995, 27.805185191000078 ], [ -92.687110900999983, 27.804555511000046 ], [ -92.687786864999964, 27.804453532000025 ], [ -92.691666666999936, 27.803782145000071 ], [ -92.694338988999959, 27.802672068000049 ], [ -92.697010802999955, 27.8 ], [ -92.698664855999937, 27.798665110000059 ], [ -92.7, 27.798103333000029 ], [ -92.702835082999968, 27.797164917000032 ], [ -92.704949442999975, 27.79661610900007 ], [ -92.708333332999985, 27.795227814000043 ], [ -92.710929361999945, 27.794262695000043 ], [ -92.714947000999985, 27.791666667000072 ], [ -92.716057840999952, 27.791058095000039 ], [ -92.71666666699997, 27.790813700000058 ], [ -92.717766316999985, 27.790566762000026 ], [ -92.72329915399996, 27.789966075000052 ], [ -92.725, 27.789450328000044 ], [ -92.727002969999944, 27.789663442000062 ], [ -92.731723530999943, 27.790056864000064 ], [ -92.733333332999962, 27.790221151000026 ], [ -92.734149678999984, 27.790850067000065 ], [ -92.734682718999977, 27.791666667000072 ], [ -92.737837218999971, 27.795496114000059 ], [ -92.741666666999947, 27.798333232000061 ], [ -92.742654927999979, 27.799011739000036 ], [ -92.743220519999966, 27.8 ], [ -92.743902587999969, 27.802235667000048 ], [ -92.744281005999937, 27.805718994000074 ], [ -92.745707193999976, 27.808333333000064 ], [ -92.743537902999947, 27.810204569000064 ], [ -92.741666666999947, 27.811263784000062 ], [ -92.738064574999953, 27.81306483000003 ], [ -92.734972635999952, 27.815027364000059 ], [ -92.733333332999962, 27.816008759000056 ], [ -92.73290405299997, 27.816237386000068 ], [ -92.732552082999973, 27.81666666700005 ], [ -92.727550760999975, 27.819217173000027 ], [ -92.725, 27.81995468100007 ], [ -92.721033731999967, 27.821033986000032 ], [ -92.720125833999987, 27.821540833000029 ], [ -92.71666666699997, 27.823028564000026 ], [ -92.715058389999967, 27.823391724000032 ], [ -92.709027607999985, 27.824305471000059 ], [ -92.708333332999985, 27.824444326000048 ], [ -92.707929483999976, 27.824596405000079 ], [ -92.707361347999949, 27.825 ], [ -92.704108682999959, 27.82910842900003 ], [ -92.7, 27.83159205100003 ], [ -92.69895375599998, 27.832287089000033 ], [ -92.697569274999978, 27.833333333000041 ], [ -92.696296182999959, 27.837037150000072 ], [ -92.696096292999982, 27.837762705000046 ], [ -92.694444274999967, 27.841666667000027 ], [ -92.694675699999948, 27.844675954000024 ], [ -92.694886270999973, 27.846780396000042 ], [ -92.695121764999953, 27.85 ], [ -92.694923400999983, 27.85325673400007 ], [ -92.694807477999973, 27.853476961000069 ], [ -92.695104199999946, 27.860350979000032 ], [ -92.696666462999985, 27.861666616000036 ], [ -92.7, 27.864166768000075 ], [ -92.704166666999981, 27.8625 ], [ -92.708333332999985, 27.860416667000038 ], [ -92.709666442999946, 27.859666697000023 ], [ -92.712037149999958, 27.858333333000076 ], [ -92.715343729999972, 27.857010651000053 ], [ -92.71666666699997, 27.856944529000032 ], [ -92.717344156999957, 27.857655843000032 ], [ -92.71875, 27.858333333000076 ], [ -92.72209320099995, 27.861240387000066 ], [ -92.725, 27.8625 ], [ -92.726953124999966, 27.864713542000061 ], [ -92.729999796999948, 27.866666667000061 ], [ -92.731349181999974, 27.868650818000049 ], [ -92.733333332999962, 27.870454661000053 ], [ -92.735897318999946, 27.872436015000062 ], [ -92.740475971999956, 27.875 ], [ -92.741161600999988, 27.875505066000073 ], [ -92.741666666999947, 27.875833384000032 ], [ -92.743518574999939, 27.876851908000049 ], [ -92.746739196999954, 27.878260803000046 ], [ -92.75, 27.88125 ], [ -92.751851907999935, 27.881481425000061 ], [ -92.753571573999977, 27.883333333000053 ], [ -92.756531778999943, 27.885135142000024 ], [ -92.758333332999939, 27.88666661600007 ], [ -92.76089731899998, 27.889102681000054 ], [ -92.762878926999974, 27.891666667000038 ], [ -92.765204874999938, 27.893128713000067 ], [ -92.766666666999981, 27.89385960900006 ], [ -92.769191995999961, 27.894191996000075 ], [ -92.772474669999951, 27.894191996000075 ], [ -92.775, 27.894642893000025 ], [ -92.776984150999965, 27.893650818000026 ], [ -92.780208332999962, 27.891666667000038 ], [ -92.781666564999966, 27.889999898000042 ], [ -92.783333332999973, 27.888541667000027 ], [ -92.786458332999985, 27.888541667000027 ], [ -92.789583332999939, 27.891666667000038 ], [ -92.791228231, 27.892105357000048 ], [ -92.791666666999959, 27.892129517000058 ], [ -92.792045592999955, 27.892045339000049 ], [ -92.793333434999965, 27.891666667000038 ], [ -92.793055724999988, 27.890277863000051 ], [ -92.793055724999988, 27.88472213700004 ], [ -92.79285736099996, 27.883333333000053 ], [ -92.792647297999963, 27.882352956000034 ], [ -92.791666666999959, 27.882407379000028 ], [ -92.790972391999958, 27.882638804000067 ], [ -92.785416666999936, 27.88125 ], [ -92.783333332999973, 27.881521861000067 ], [ -92.782070922999935, 27.882070669000029 ], [ -92.777037047999954, 27.881296285000076 ], [ -92.775, 27.881666565000046 ], [ -92.773148091999985, 27.881481425000061 ], [ -92.768608601999972, 27.881391652000048 ], [ -92.766666666999981, 27.881159465000053 ], [ -92.763388062, 27.880054728000061 ], [ -92.760632323999971, 27.881034597000053 ], [ -92.760858662999965, 27.877525330000026 ], [ -92.759401956999966, 27.875 ], [ -92.758672077999961, 27.874661255000035 ], [ -92.758333332999939, 27.874213918000066 ], [ -92.756140136999988, 27.872807058000035 ], [ -92.752777607999974, 27.872222137000051 ], [ -92.753252156999963, 27.869918823000035 ], [ -92.752083332999973, 27.866666667000061 ], [ -92.751918537999984, 27.864748128000031 ], [ -92.752596536999988, 27.860929616000078 ], [ -92.752460224999936, 27.858333333000076 ], [ -92.752246601999957, 27.856086985000047 ], [ -92.752063496999938, 27.852063497000074 ], [ -92.751883951999957, 27.85 ], [ -92.752434284999936, 27.847565460000055 ], [ -92.753024800999981, 27.844691467000075 ], [ -92.75374603299997, 27.841666667000027 ], [ -92.755547586999967, 27.83888117500004 ], [ -92.758333332999939, 27.836764781000056 ], [ -92.760261535999973, 27.835261790000061 ], [ -92.76312764499994, 27.833333333000041 ], [ -92.763375853999946, 27.830042521000053 ], [ -92.763259887999936, 27.828407033000076 ], [ -92.763454691999982, 27.825 ], [ -92.762812296999982, 27.821145884000032 ], [ -92.762704975999952, 27.820628357000032 ], [ -92.762106831999972, 27.81666666700005 ], [ -92.761969502999989, 27.813030243000071 ], [ -92.761837259999936, 27.811837006000076 ], [ -92.761684671999944, 27.808333333000064 ], [ -92.763320922999981, 27.804987844000038 ], [ -92.763823445999947, 27.802843221000046 ], [ -92.764807637999979, 27.8 ], [ -92.764889526, 27.798223114000052 ], [ -92.766666666999981, 27.79194437700005 ], [ -92.766756184999963, 27.791756185000054 ], [ -92.766789245999973, 27.791666667000072 ], [ -92.766826883999954, 27.791506449000053 ], [ -92.767473347999953, 27.784139760000073 ], [ -92.767753600999981, 27.78333333300003 ], [ -92.770983886999943, 27.779317220000053 ], [ -92.775, 27.775925954000058 ], [ -92.775414529999978, 27.775414530000035 ], [ -92.775661213999967, 27.775 ], [ -92.777380879999953, 27.772619120000059 ], [ -92.778881326999965, 27.770547994000026 ], [ -92.781640624999966, 27.766666667000038 ], [ -92.782155862999957, 27.765489197000079 ], [ -92.783333332999973, 27.763815816000033 ], [ -92.785921223999935, 27.760921224000072 ], [ -92.789285786999983, 27.758333333000053 ], [ -92.790755716999968, 27.757422638000037 ], [ -92.791666666999959, 27.757051341000079 ], [ -92.794811502999949, 27.755188751000048 ], [ -92.796139526, 27.754472605000046 ], [ -92.8, 27.751499939000041 ], [ -92.800892638999983, 27.750892893000071 ], [ -92.801315815999942, 27.75 ], [ -92.802380879999987, 27.747619120000024 ], [ -92.803564961999939, 27.745231628000056 ], [ -92.804902139999967, 27.741666667000061 ], [ -92.806121825999981, 27.739454905000059 ], [ -92.80833333299995, 27.735185242000057 ], [ -92.809082539999963, 27.734082286000046 ], [ -92.809524027999942, 27.733333333000076 ], [ -92.81289316799996, 27.729559835000032 ], [ -92.813802082999985, 27.727864583000041 ], [ -92.815548705999959, 27.725 ], [ -92.815953063999984, 27.724286652000046 ], [ -92.816666666999936, 27.723824819000072 ], [ -92.820261636999987, 27.72140528400007 ], [ -92.82096659299998, 27.720966593000071 ], [ -92.825, 27.717251587000078 ], [ -92.825360106999938, 27.717027028000075 ], [ -92.825617471999976, 27.716666667000027 ], [ -92.826140288999966, 27.715882333000025 ], [ -92.827655527, 27.711078560000033 ] ] ] ] } }
]
}
