{
"type": "FeatureCollection",
"name": "nmfs_crit_hab",
"crs": { "type": "name", "properties": { "name": "urn:ogc:def:crs:OGC:1.3:CRS84" } },
"features": [
{ "type": "Feature", "properties": { "id": 100062150.0, "sciename": "Balaenoptera ricei", "comname": "Rice's Whale", "listentity": "Whale, Rice's", "liststatus": "Endangered", "chstatus": "Proposed", "unit": "Gulf of America Unit", "taxon": "Baleen Whale", "leadoffice": "SER", "frn": "88 FR 47453", "pubdate": "07/24/2023", "effectdate": null, "area_sq_km": 73220.721535795223, "createdate": "07/28/2023", "notes": "Marine waters from the 100-meter isobath to the 400-meter isobath.  Bathymetric Contours source: Office for Coastal Management, 2023: Bathymetric Contours, https://www.fisheries.noaa.gov/inport/item/54364.", "inporturl": "https://www.fisheries.noaa.gov/inport/item/70324", "habtype": "Marine, GOM waters between 100m and 400m isobaths", "ecfr": null, "area_km2": 73337.003795568642 }, "geometry": { "type": "MultiPolygon", "coordinates": [ [ [ [ -92.232099733999974, 27.685437610000065 ], [ -92.233845699999961, 27.685183301000052 ], [ -92.235917013999938, 27.68544102900006 ], [ -92.238025375999939, 27.686176596000053 ], [ -92.240142221999974, 27.687253979000047 ], [ -92.244269778999978, 27.690054952000025 ], [ -92.248015961999954, 27.693343122000044 ], [ -92.249566955999967, 27.695031031000042 ], [ -92.250777012999947, 27.696692563000056 ], [ -92.251510210999982, 27.698286692000067 ], [ -92.251586119999956, 27.699768236000068 ], [ -92.250936365999962, 27.701007763000064 ], [ -92.24971013399994, 27.702137048000054 ], [ -92.248055136999938, 27.703180336000059 ], [ -92.243886697999983, 27.70507327200005 ], [ -92.237081158999956, 27.707348338000031 ], [ -92.233024537999938, 27.708351890000074 ], [ -92.227184300999966, 27.709163870000054 ], [ -92.224212197999975, 27.709329741000033 ], [ -92.218480928999952, 27.709252450000065 ], [ -92.212786386999937, 27.708816911000042 ], [ -92.209829935999949, 27.708365650000076 ], [ -92.206826111999987, 27.707675186000074 ], [ -92.203943177999975, 27.706761961000041 ], [ -92.201891134999983, 27.705902054000035 ], [ -92.200089335999962, 27.704898902000025 ], [ -92.198607719999984, 27.703744398000026 ], [ -92.197260903999961, 27.702098843000044 ], [ -92.196525668999982, 27.700431171000048 ], [ -92.196393097999987, 27.698694315000068 ], [ -92.196743871999956, 27.697732185000064 ], [ -92.197265624999943, 27.697367003000068 ], [ -92.199761654999975, 27.696587196000053 ], [ -92.212701332999984, 27.693416641000056 ], [ -92.219913916999985, 27.691282866000051 ], [ -92.222971148999989, 27.690073488000053 ], [ -92.230378236999968, 27.686053615000048 ], [ -92.232099733999974, 27.685437610000065 ] ] ], [ [ [ -92.373046874999943, 27.696435740000027 ], [ -92.374040319999949, 27.696322722000048 ], [ -92.376509561999967, 27.696391551000033 ], [ -92.380099480999945, 27.696700149000037 ], [ -92.384476071999984, 27.697305946000029 ], [ -92.389310079999973, 27.698261074000072 ], [ -92.394270506999987, 27.699619192000057 ], [ -92.399019933999966, 27.701439277000077 ], [ -92.403458972999942, 27.703958967000062 ], [ -92.406850558999963, 27.707028026000046 ], [ -92.409095006999962, 27.71023529200005 ], [ -92.41049368299997, 27.713561214000038 ], [ -92.411479764999967, 27.717009146000066 ], [ -92.412243093999962, 27.720576902000062 ], [ -92.412799445999951, 27.724219356000049 ], [ -92.413142005999987, 27.727900292000072 ], [ -92.413242675999982, 27.731588292000026 ], [ -92.413147317999972, 27.73418035900005 ], [ -92.412597347999963, 27.738972822000051 ], [ -92.411286837999967, 27.744343699000069 ], [ -92.410125966999942, 27.747380300000032 ], [ -92.408668544999955, 27.750220557000034 ], [ -92.406879060999984, 27.752803236000034 ], [ -92.404700532999982, 27.755050635000032 ], [ -92.40221573599996, 27.756820155000071 ], [ -92.39939917199996, 27.758249827000043 ], [ -92.396327766999946, 27.759374473000037 ], [ -92.392262757999958, 27.760385069000051 ], [ -92.388012668999977, 27.761049354000079 ], [ -92.38367139199994, 27.761429085000032 ], [ -92.380351535999978, 27.761541269000077 ], [ -92.377060388999951, 27.761474717000056 ], [ -92.373832067999956, 27.761187157000052 ], [ -92.369846011999982, 27.760451661000047 ], [ -92.366074233999939, 27.759381572000052 ], [ -92.362586628999964, 27.758065136000027 ], [ -92.359480743999939, 27.756564515000036 ], [ -92.357789371999957, 27.755535167000062 ], [ -92.356343108999965, 27.754365130000053 ], [ -92.355122936999976, 27.752920234000044 ], [ -92.354125211999985, 27.751263388000041 ], [ -92.353032931999962, 27.748837179000077 ], [ -92.352163997, 27.74617982500007 ], [ -92.351543808999963, 27.743351523000058 ], [ -92.351218620999987, 27.740402016000075 ], [ -92.351258267999981, 27.737373031000061 ], [ -92.351717353999959, 27.734311030000072 ], [ -92.352590000999953, 27.731099726000025 ], [ -92.353951280999979, 27.727481200000057 ], [ -92.355681474999983, 27.723557947000074 ], [ -92.359913270999982, 27.71498047700004 ], [ -92.364504131999979, 27.706798866000042 ], [ -92.366698907999989, 27.703381447000027 ], [ -92.368761507999977, 27.700513168000043 ], [ -92.370591047999937, 27.698324433000039 ], [ -92.371758906999958, 27.697168803000068 ], [ -92.372605581999949, 27.696515586000032 ], [ -92.373046874999943, 27.696435740000027 ] ] ], [ [ [ -86.171839014999989, 29.542739954000069 ], [ -86.154079536999973, 29.515164660000039 ], [ -86.147053842999981, 29.50474209600003 ], [ -86.139932752999982, 29.494537399000023 ], [ -86.128990389999956, 29.479986889000031 ], [ -86.119329954999955, 29.468019909000077 ], [ -86.114323265999985, 29.462152694000054 ], [ -86.106774082999948, 29.45379183600005 ], [ -86.096155901999964, 29.442699172000061 ], [ -86.085558979999973, 29.431984329000045 ], [ -86.071662481999965, 29.418525798000076 ], [ -86.060507001999952, 29.408239442000024 ], [ -86.049038327999938, 29.39805081600008 ], [ -86.041465040999981, 29.391851927000062 ], [ -86.033354444999986, 29.385856571000033 ], [ -86.027056653999978, 29.381533134000051 ], [ -86.015561213999945, 29.373992800000053 ], [ -85.99187229599994, 29.35871101500004 ], [ -85.977921316999982, 29.350037320000069 ], [ -85.967740479999975, 29.344188659000054 ], [ -85.955288009999947, 29.337486922000039 ], [ -85.947319731999983, 29.333415395000031 ], [ -85.93146438399998, 29.325683526000034 ], [ -85.888676774999965, 29.305322645000047 ], [ -85.87595433499996, 29.299710087000051 ], [ -85.867603589999987, 29.296367856000074 ], [ -85.859236602999943, 29.293328278000047 ], [ -85.850772750999965, 29.29048412700007 ], [ -85.842281852999974, 29.28782254500004 ], [ -85.817583978999949, 29.280817840000054 ], [ -85.810219986999982, 29.27846203200005 ], [ -85.803175581999938, 29.275693787000023 ], [ -85.796130013999971, 29.272091200000034 ], [ -85.789737487999957, 29.26792703600006 ], [ -85.783928189999983, 29.263181833000033 ], [ -85.778971970999976, 29.25811111400003 ], [ -85.774595266999938, 29.252629861000059 ], [ -85.769837398999982, 29.245229510000058 ], [ -85.766171030999942, 29.238140910000027 ], [ -85.762776858999985, 29.231030468000029 ], [ -85.759171945999981, 29.224158542000055 ], [ -85.754856712999981, 29.217806729000074 ], [ -85.754073936999987, 29.216869925000026 ], [ -85.749294173999942, 29.212142516000029 ], [ -85.743733518999989, 29.208035370000061 ], [ -85.737498273999961, 29.204576589000055 ], [ -85.73209782899994, 29.202305821000039 ], [ -85.726385586999982, 29.200420432000044 ], [ -85.718712237999966, 29.198487005000061 ], [ -85.710727935999955, 29.197029668000027 ], [ -85.701592477999952, 29.195917200000054 ], [ -85.693262921999974, 29.195345527000029 ], [ -85.684910049999985, 29.195143777000055 ], [ -85.658191851999959, 29.195461901000044 ], [ -85.650238813999977, 29.195438158000059 ], [ -85.642337888999975, 29.195223358000078 ], [ -85.638345435999952, 29.195016736000071 ], [ -85.631013056999961, 29.194384100000036 ], [ -85.62380232299995, 29.193349366000064 ], [ -85.616162157999952, 29.191685169000039 ], [ -85.608746691999954, 29.189462065000043 ], [ -85.600357345999953, 29.186153211000033 ], [ -85.595159626999987, 29.183644861000062 ], [ -85.590159039999946, 29.180842191000067 ], [ -85.586358187999963, 29.178407234000076 ], [ -85.582162430999972, 29.175381092000066 ], [ -85.57719248799998, 29.171328688000074 ], [ -85.572465012999942, 29.167007458000057 ], [ -85.567957590999981, 29.162463243000047 ], [ -85.562994665999952, 29.15696222300005 ], [ -85.558312807999982, 29.151244402000032 ], [ -85.553932187999976, 29.145330453000042 ], [ -85.551690011999938, 29.14203305500007 ], [ -85.547843612999941, 29.135814745000062 ], [ -85.544140549999952, 29.12897908900004 ], [ -85.540918532999967, 29.121960820000027 ], [ -85.538125211999954, 29.114393242000062 ], [ -85.535924809999983, 29.106658515000049 ], [ -85.534521709999979, 29.100115361000064 ], [ -85.533428889999982, 29.093511969000076 ], [ -85.530629073999989, 29.072126030000049 ], [ -85.529675777999955, 29.066048293000051 ], [ -85.527462424999953, 29.055052032000049 ], [ -85.526162185999965, 29.050152473000026 ], [ -85.524302062999936, 29.044557110000028 ], [ -85.52199367299994, 29.039154040000028 ], [ -85.518398996999963, 29.032786440000052 ], [ -85.51338764999997, 29.02608404700004 ], [ -85.508463094999968, 29.020780906000027 ], [ -85.503055223, 29.01578392600004 ], [ -85.498281220999957, 29.011856353000042 ], [ -85.493263510999952, 29.00813352800003 ], [ -85.488006034999955, 29.004643940000051 ], [ -85.483385072999965, 29.001913402000071 ], [ -85.479876911999952, 29.000046928000074 ], [ -85.473181450999959, 28.99689332500003 ], [ -85.465712308999969, 28.993812152000032 ], [ -85.439545461999955, 28.984141572000055 ], [ -85.42952717299994, 28.980052208000075 ], [ -85.422430880999968, 28.97667382800006 ], [ -85.415735799999936, 28.972910976000037 ], [ -85.409892404999937, 28.968910316000063 ], [ -85.405528295999943, 28.965252970000051 ], [ -85.40161517599995, 28.961245621000046 ], [ -85.397533282999973, 28.955943888000036 ], [ -85.394051433999948, 28.950223663000031 ], [ -85.391295464999985, 28.944712502000073 ], [ -85.388883615999987, 28.938989267000068 ], [ -85.38579245699998, 28.930017300000031 ], [ -85.384293078999974, 28.924793061000059 ], [ -85.382544743999972, 28.917912572000034 ], [ -85.377417671999979, 28.89576489600006 ], [ -85.375659549999966, 28.88922737200005 ], [ -85.373603370999945, 28.883019990000037 ], [ -85.371599992999961, 28.878320946000031 ], [ -85.36919783899998, 28.874005306000072 ], [ -85.366296802999955, 28.870170569000038 ], [ -85.364420104999965, 28.868275440000048 ], [ -85.360000011999944, 28.864969221000024 ], [ -85.354972993, 28.862490420000029 ], [ -85.349471516999984, 28.860878702000036 ], [ -85.34217541199996, 28.86015019000007 ], [ -85.336213296999972, 28.860471142000051 ], [ -85.313717640999982, 28.863872205000064 ], [ -85.306148183999937, 28.864532183000051 ], [ -85.29828705999995, 28.864664540000035 ], [ -85.291551550999941, 28.864348383000049 ], [ -85.284806663999973, 28.863651339000057 ], [ -85.278094557999964, 28.862573053000062 ], [ -85.269746730999941, 28.86063912700007 ], [ -85.264575216999958, 28.859072910000066 ], [ -85.259497734999968, 28.857244215000037 ], [ -85.252720763999946, 28.854326535000041 ], [ -85.246150067999963, 28.850979338000059 ], [ -85.238249619999976, 28.84628119100006 ], [ -85.231778060999943, 28.841923480000048 ], [ -85.225454021999951, 28.837321965000058 ], [ -85.199771216999977, 28.817433945000062 ], [ -85.172994363999976, 28.797586496000065 ], [ -85.163370795999981, 28.790163131000043 ], [ -85.151845435999974, 28.780538379000063 ], [ -85.146246603999941, 28.775584896000055 ], [ -85.136854315999983, 28.766826408000043 ], [ -85.12855091199998, 28.758369908000077 ], [ -85.120927119999976, 28.749858804000041 ], [ -85.116429608999965, 28.744572027000061 ], [ -85.107524159999969, 28.733716881000078 ], [ -85.100088543999959, 28.724339413000052 ], [ -85.086196012999949, 28.705946773000051 ], [ -85.066794124999944, 28.678905702000066 ], [ -85.056624635999981, 28.664364945000045 ], [ -85.049870047999946, 28.654296010000053 ], [ -85.038486838999972, 28.636808747000032 ], [ -85.026642192999986, 28.617909504000067 ], [ -85.019050505999985, 28.60447077200007 ], [ -85.009255090999943, 28.586020486000052 ], [ -84.99734409399997, 28.563067551000074 ], [ -84.991111087999968, 28.550496951000071 ], [ -84.98560417799996, 28.538506230000053 ], [ -84.980747052999959, 28.527005220000035 ], [ -84.961566710999989, 28.478916750000053 ], [ -84.954244760999984, 28.461745504000078 ], [ -84.947264501999939, 28.446769609000057 ], [ -84.939676436999946, 28.431414579000034 ], [ -84.928482039999949, 28.409642160000033 ], [ -84.919584242999974, 28.392840973000034 ], [ -84.915322466999953, 28.385069819000023 ], [ -84.908498692999956, 28.373180383000033 ], [ -84.893755724999949, 28.348671987000046 ], [ -84.871765215999972, 28.311428225000043 ], [ -84.864088166999977, 28.29884067100005 ], [ -84.828950096999961, 28.24284405700007 ], [ -84.819555769999965, 28.228590324000038 ], [ -84.810425002999978, 28.21553278500005 ], [ -84.794204789999981, 28.193368842000041 ], [ -84.787586687999976, 28.184797422000031 ], [ -84.779088392999938, 28.174200957000039 ], [ -84.765781592999986, 28.158477272000027 ], [ -84.755105309999976, 28.146848107000039 ], [ -84.749282616999949, 28.140894014000025 ], [ -84.737409010999954, 28.12954151200006 ], [ -84.724764676999939, 28.118388669000069 ], [ -84.713663443999963, 28.109290473000044 ], [ -84.692284391999976, 28.092399834000048 ], [ -84.679590519999977, 28.081890413000053 ], [ -84.667276772999969, 28.071387849000075 ], [ -84.655816127999969, 28.061302647000048 ], [ -84.612381897999967, 28.021908181000072 ], [ -84.598167984999975, 28.008552651000059 ], [ -84.570436897999969, 27.981634231000044 ], [ -84.558031613999958, 27.968624479000027 ], [ -84.547874816999979, 27.957319494000046 ], [ -84.538599416999944, 27.946375758000045 ], [ -84.529368548999969, 27.934580217000075 ], [ -84.517098608999959, 27.917891376000057 ], [ -84.506979986999966, 27.903434132000029 ], [ -84.502586561999976, 27.896776944000067 ], [ -84.495705971999939, 27.885858690000077 ], [ -84.479844468999943, 27.859834406000061 ], [ -84.464054235999981, 27.833539339000026 ], [ -84.446856843999967, 27.806203580000044 ], [ -84.436130997999953, 27.788457070000049 ], [ -84.429220491999956, 27.776087064000023 ], [ -84.424049659, 27.765904307000028 ], [ -84.407323073999976, 27.729833418000055 ], [ -84.393195899999967, 27.700419057000033 ], [ -84.38946839099998, 27.692326953000077 ], [ -84.382322306999981, 27.676020358000073 ], [ -84.375074489999975, 27.658455322000066 ], [ -84.370348620999948, 27.646172896000053 ], [ -84.364694831999941, 27.630405283000073 ], [ -84.349622443999976, 27.584243011000069 ], [ -84.341261094999936, 27.560485337000046 ], [ -84.319581795999966, 27.503539731000046 ], [ -84.304807540999946, 27.462351058000024 ], [ -84.300027460999956, 27.449645270000076 ], [ -84.283997230999944, 27.409407049000038 ], [ -84.27754228699996, 27.393998692000025 ], [ -84.273540147999938, 27.384855454000046 ], [ -84.263983827999937, 27.364682482000035 ], [ -84.256356682999979, 27.349707009000042 ], [ -84.250942388999988, 27.339776116000053 ], [ -84.232560148999937, 27.307961685000066 ], [ -84.221883870999989, 27.287859928000046 ], [ -84.205551751999963, 27.25557507700006 ], [ -84.188726929999973, 27.220361581000077 ], [ -84.18330997399994, 27.209343690000026 ], [ -84.17694684199995, 27.19728088200003 ], [ -84.167054976999964, 27.179235993000077 ], [ -84.157924840999954, 27.162143750000041 ], [ -84.130434783999988, 27.109098923000033 ], [ -84.124820039999975, 27.097602705000043 ], [ -84.119309911999949, 27.085004619000074 ], [ -84.116293735999989, 27.077379839000059 ], [ -84.112461697999947, 27.066425501000026 ], [ -84.110308488999976, 27.059310415000027 ], [ -84.103004044999977, 27.033452054000065 ], [ -84.093968989999951, 27.005059670000037 ], [ -84.091716248999944, 26.997208472000068 ], [ -84.089151374999972, 26.986669046000031 ], [ -84.086351023999953, 26.972341543000027 ], [ -84.083679860999951, 26.956910117000064 ], [ -84.079997142999957, 26.933675193000056 ], [ -84.078070851999939, 26.924359920000029 ], [ -84.074598927999943, 26.910853036000049 ], [ -84.072584155999948, 26.904234875000043 ], [ -84.068587523999952, 26.892606449000027 ], [ -84.066153285999974, 26.886280667000051 ], [ -84.060532310999974, 26.87304909900007 ], [ -84.056963907999943, 26.865237383000078 ], [ -84.053210697999987, 26.857494377000023 ], [ -84.048942239999974, 26.849300345000074 ], [ -84.04466168, 26.84154052100007 ], [ -84.040173462999974, 26.833877427000061 ], [ -84.035872181999935, 26.827001081000049 ], [ -84.029300585999977, 26.817276172000049 ], [ -84.025383431999956, 26.811864719000027 ], [ -84.016389509999954, 26.800107405000062 ], [ -84.006257547999951, 26.787836018000064 ], [ -83.999283447999971, 26.780036516000052 ], [ -83.983225742999934, 26.762933701000065 ], [ -83.972368099999983, 26.751107267000066 ], [ -83.966236256999935, 26.74406500300006 ], [ -83.961135805999959, 26.737923979000072 ], [ -83.956220235999979, 26.731687676000035 ], [ -83.952136399999972, 26.72618394400007 ], [ -83.948264795999989, 26.720577262000063 ], [ -83.94465667299994, 26.714844011000025 ], [ -83.942538967999951, 26.711154347000047 ], [ -83.93893554899995, 26.704278543000044 ], [ -83.932933754999965, 26.691596053000069 ], [ -83.922778091999987, 26.669077521000077 ], [ -83.910890153999958, 26.642036096000027 ], [ -83.902104050999981, 26.622870615000068 ], [ -83.898574165999946, 26.615622736000034 ], [ -83.894164883999963, 26.607089036000048 ], [ -83.882370613999967, 26.585647981000079 ], [ -83.876710336999963, 26.574919898000076 ], [ -83.87008493899998, 26.560801956000034 ], [ -83.861544851999952, 26.541631294000069 ], [ -83.851240686999972, 26.519828190000055 ], [ -83.84783129799996, 26.512189298000067 ], [ -83.844759540999974, 26.504460213000073 ], [ -83.843293167999946, 26.500206150000054 ], [ -83.841973740999947, 26.495912273000044 ], [ -83.840233825999974, 26.489336478000041 ], [ -83.838769350999939, 26.482697452000025 ], [ -83.836680816999944, 26.470324792000042 ], [ -83.833663907999949, 26.442576165000048 ], [ -83.832719014999952, 26.43587072400004 ], [ -83.831720091999955, 26.430211979000035 ], [ -83.830213029999982, 26.423118937000027 ], [ -83.824477057999957, 26.399866641000074 ], [ -83.821076740999956, 26.384427951000077 ], [ -83.819592177999937, 26.376627952000035 ], [ -83.817761499999961, 26.364803282000025 ], [ -83.81621460599996, 26.350263983000048 ], [ -83.815333494999948, 26.337200279000058 ], [ -83.81477771699997, 26.32207986700007 ], [ -83.814535884999941, 26.279316472000062 ], [ -83.814735731999974, 26.259534226000028 ], [ -83.816325180999968, 26.210705439000037 ], [ -83.816516469999954, 26.189182306000077 ], [ -83.816296071999943, 26.175702930000057 ], [ -83.815843850999954, 26.16113124900005 ], [ -83.814620533999971, 26.134052885000074 ], [ -83.81351465299997, 26.118956899000068 ], [ -83.811502086999951, 26.100548114000048 ], [ -83.808380280999984, 26.077493523000044 ], [ -83.800609238999982, 26.024886714000047 ], [ -83.794694596999989, 25.979102129000069 ], [ -83.792297816999962, 25.964570071000026 ], [ -83.790803452999967, 25.956723951000072 ], [ -83.786084768999956, 25.934353957000042 ], [ -83.782685708999963, 25.919937942000047 ], [ -83.779633663999959, 25.908026475000042 ], [ -83.773914659999946, 25.887801357000058 ], [ -83.769283953999945, 25.87322499000004 ], [ -83.766285334999964, 25.864812947000075 ], [ -83.761497417999976, 25.852604381000049 ], [ -83.753414924999959, 25.833050701000047 ], [ -83.749242607999975, 25.822337127000026 ], [ -83.744567810999968, 25.808854691000079 ], [ -83.742491950999977, 25.801699413000051 ], [ -83.740948227999979, 25.795223146000069 ], [ -83.739678423999976, 25.788697135000064 ], [ -83.737582839999959, 25.774103188000026 ], [ -83.736854620999964, 25.767445803000044 ], [ -83.736039068999958, 25.757714498000041 ], [ -83.735719944999971, 25.75033329300004 ], [ -83.735630795999953, 25.742941342000051 ], [ -83.735863147999964, 25.732296004000034 ], [ -83.736225691999948, 25.726491545000044 ], [ -83.737278055, 25.715336444000059 ], [ -83.739541245999987, 25.696810920000075 ], [ -83.741423165999947, 25.678791714000056 ], [ -83.742710176999935, 25.661843138000052 ], [ -83.744203682999967, 25.634997400000032 ], [ -83.744803076999972, 25.626843296000061 ], [ -83.748625871999934, 25.591439273000049 ], [ -83.749528618999989, 25.581835054000067 ], [ -83.750708731999964, 25.563917649000075 ], [ -83.750930198999981, 25.556360292000079 ], [ -83.750800294999976, 25.539671658000032 ], [ -83.749223909999955, 25.495444789000032 ], [ -83.748120753999956, 25.480414698000061 ], [ -83.745112541999958, 25.450759454000035 ], [ -83.744022073999986, 25.434273027000074 ], [ -83.742964173999951, 25.407149005000065 ], [ -83.741693275999978, 25.353915209000036 ], [ -83.741247784999985, 25.345613882000066 ], [ -83.740620394999951, 25.337647056000037 ], [ -83.738775903999965, 25.317483066000023 ], [ -83.738286587999937, 25.310102236000034 ], [ -83.73798660999995, 25.298566435000055 ], [ -83.738178535999964, 25.287546689000067 ], [ -83.738854198999945, 25.275198187000058 ], [ -83.74031647399994, 25.259694030000048 ], [ -83.743395521999958, 25.232754672000056 ], [ -83.745514119999939, 25.211914918000048 ], [ -83.749878698999964, 25.159203727000033 ], [ -83.75265122199994, 25.134454743000049 ], [ -83.75589309999998, 25.110326698000051 ], [ -83.760354897999946, 25.080954821000034 ], [ -83.766440473999978, 25.043594240000061 ], [ -83.767930043999968, 25.03603570100006 ], [ -83.769477570999982, 25.029279078000059 ], [ -83.771016882999959, 25.023442655000053 ], [ -83.772732554999948, 25.017654483000058 ], [ -83.775599332999946, 25.009123396000064 ], [ -83.778324013999963, 25.001942315000065 ], [ -83.781356738999989, 24.994878087000075 ], [ -83.786446473999945, 24.984738109000034 ], [ -83.789969717999952, 24.978449603000058 ], [ -83.793715988999963, 24.972267824000028 ], [ -83.797711093999965, 24.966216560000078 ], [ -83.801888893999944, 24.960436925000067 ], [ -83.806280084999969, 24.954824727000073 ], [ -83.819981389999953, 24.937808862000054 ], [ -83.836535560999948, 24.915881675000037 ], [ -83.84597811499998, 24.902940552000075 ], [ -83.852912842999956, 24.892609354000058 ], [ -83.856105778999961, 24.887373345000071 ], [ -83.858955873999946, 24.882246725000073 ], [ -83.862063091999971, 24.875778120000064 ], [ -83.86424047099996, 24.870153712000047 ], [ -83.865936832999978, 24.864451919000032 ], [ -83.867109535999987, 24.858694410000055 ], [ -83.867725527999937, 24.85266888700005 ], [ -83.867799213999945, 24.848189833000049 ], [ -83.867403575999958, 24.841670811000029 ], [ -83.866429617999984, 24.835226566000074 ], [ -83.864850868999952, 24.828917342000068 ], [ -83.862604768999972, 24.822810917000027 ], [ -83.860658227999977, 24.818823138000027 ], [ -83.858428616999959, 24.815045339000051 ], [ -83.855934064999985, 24.811380314000075 ], [ -83.85214093899998, 24.80645319100006 ], [ -83.848079750999943, 24.801639930000078 ], [ -83.842989029999956, 24.795987005000029 ], [ -83.838111358999981, 24.791065203000073 ], [ -83.832888185999934, 24.786408116000075 ], [ -83.828224950999982, 24.782782427000029 ], [ -83.823102842999958, 24.77925798900003 ], [ -83.815592681999988, 24.774654510000062 ], [ -83.771044472999961, 24.749542666000025 ], [ -83.745852261999971, 24.736241104000044 ], [ -83.739204945999973, 24.73259842300007 ], [ -83.732380317999969, 24.728592537000054 ], [ -83.717991147999953, 24.719480400000066 ], [ -83.709640137999941, 24.71390072500003 ], [ -83.682669731999965, 24.696377153000071 ], [ -83.665060205999964, 24.684654024000054 ], [ -83.65967029899997, 24.681286373000034 ], [ -83.654451005999988, 24.678324269000029 ], [ -83.646646870999973, 24.674390711000058 ], [ -83.624226061999934, 24.664603100000079 ], [ -83.612228054999946, 24.659180734000074 ], [ -83.604827071999978, 24.655628791000026 ], [ -83.583510858999944, 24.644596180000065 ], [ -83.574522903999934, 24.640188428000044 ], [ -83.553474957999981, 24.630517271000031 ], [ -83.503026090999981, 24.607953831000032 ], [ -83.45201379699995, 24.586039580000033 ], [ -83.417633300999967, 24.570756516000074 ], [ -83.403177666999966, 24.564694895000059 ], [ -83.367449912999973, 24.550112808000051 ], [ -83.337974215999964, 24.537477917000047 ], [ -83.319652436999945, 24.53042500600003 ], [ -83.285187871999938, 24.518079915000044 ], [ -83.268172917999948, 24.511785763000034 ], [ -83.235559776999935, 24.498716873000035 ], [ -83.217071290999968, 24.491706718000046 ], [ -83.190461254999946, 24.481929452000031 ], [ -83.169386892999967, 24.474401052000076 ], [ -83.158333075999963, 24.470612333000076 ], [ -83.140176763999989, 24.464852258000064 ], [ -83.126778392999938, 24.460952974000065 ], [ -83.022329827999954, 24.432707599000025 ], [ -83.0, 24.426954942000066 ], [ -83.0, 24.326025473000072 ], [ -83.001018251999938, 24.326204221000069 ], [ -83.018205701999989, 24.329428553000071 ], [ -83.046712163999985, 24.335028707000049 ], [ -83.064048097999944, 24.338089944000046 ], [ -83.084434234999947, 24.341177037000023 ], [ -83.118423491999977, 24.34581737600007 ], [ -83.133055767999963, 24.348298833000058 ], [ -83.146462817999975, 24.351125603000071 ], [ -83.162052044999939, 24.354921641000033 ], [ -83.176648936999982, 24.358878462000064 ], [ -83.185957667999958, 24.361620353000035 ], [ -83.203153325999949, 24.367091535000043 ], [ -83.22647246799994, 24.37489417200004 ], [ -83.267389872999956, 24.388258764000057 ], [ -83.282710709999947, 24.393677368000056 ], [ -83.299225792999948, 24.400074245000042 ], [ -83.311069320999934, 24.40503110800006 ], [ -83.443275957999958, 24.461926119000054 ], [ -83.462417236999954, 24.47047705600005 ], [ -83.478578752999965, 24.477971998000044 ], [ -83.494612639999957, 24.485651010000026 ], [ -83.513595398999939, 24.495122059000039 ], [ -83.533281853999938, 24.505508393000071 ], [ -83.548985897999955, 24.514088234000042 ], [ -83.563487834999989, 24.522359066000035 ], [ -83.579871682999965, 24.53226628300007 ], [ -83.593369439999947, 24.540895313000078 ], [ -83.59983598499997, 24.545263130000023 ], [ -83.606142796999961, 24.549772087000065 ], [ -83.611319237999965, 24.553736678000064 ], [ -83.616308838999942, 24.557866036000064 ], [ -83.620580677999953, 24.56171617900003 ], [ -83.624665386999936, 24.565719666000064 ], [ -83.628469179999968, 24.569772917000023 ], [ -83.632102631999942, 24.573948457000029 ], [ -83.636539179999943, 24.579428390000032 ], [ -83.646044941999946, 24.591819416000078 ], [ -83.651428454999973, 24.598487151000029 ], [ -83.657426182999984, 24.605025674000046 ], [ -83.662433609999937, 24.609727102000079 ], [ -83.669207320999988, 24.615392610000072 ], [ -83.67628844799998, 24.620823802000075 ], [ -83.692330115999937, 24.632466178000072 ], [ -83.705372030999968, 24.641520584000034 ], [ -83.711256526999989, 24.645289265000031 ], [ -83.717281271, 24.648873151000032 ], [ -83.725720238999941, 24.653383723000047 ], [ -83.733234852999942, 24.656973285000049 ], [ -83.746002288999989, 24.662353953000036 ], [ -83.759890847999941, 24.667489760000024 ], [ -83.784025536999934, 24.675559177000025 ], [ -83.797033025999951, 24.680153757000028 ], [ -83.811479367999937, 24.68597135300007 ], [ -83.830130913999938, 24.694050574000073 ], [ -83.858108738999988, 24.706440558000054 ], [ -83.867380749999938, 24.710731329000055 ], [ -83.882081920999951, 24.71794453800004 ], [ -83.913383635999935, 24.733708098000022 ], [ -83.938147545999982, 24.745151698000029 ], [ -83.94859766899998, 24.750258401000053 ], [ -83.955122139999958, 24.753778355000065 ], [ -83.961488526999972, 24.757518945000072 ], [ -83.968091631999982, 24.761767004000035 ], [ -83.975096875999952, 24.766774560000044 ], [ -83.981910409999955, 24.772029463000024 ], [ -84.001259125, 24.787605702000064 ], [ -84.008035466999956, 24.792759612000054 ], [ -84.014673204999951, 24.797413794000079 ], [ -84.021531273999983, 24.801797494000027 ], [ -84.028350345999968, 24.805742025000029 ], [ -84.035341471999971, 24.809454105000043 ], [ -84.04470093599997, 24.814031319000037 ], [ -84.06253738199996, 24.822156883000048 ], [ -84.076068876999955, 24.828536344000042 ], [ -84.104797521999956, 24.842821192000031 ], [ -84.123469622999949, 24.852506537000068 ], [ -84.131201574999977, 24.856949989000043 ], [ -84.138015553999935, 24.861486361000061 ], [ -84.156841636999957, 24.875524554000037 ], [ -84.16683582099995, 24.882157082000049 ], [ -84.171548185999939, 24.885519879000071 ], [ -84.175525307999976, 24.888869295000063 ], [ -84.177035352999951, 24.890341292000073 ], [ -84.180344233999961, 24.894186970000078 ], [ -84.182459171999938, 24.897406697000065 ], [ -84.184228938999979, 24.900824358000023 ], [ -84.186740642999951, 24.907280146000062 ], [ -84.191344071999936, 24.920914468000035 ], [ -84.194463561999953, 24.927780363000068 ], [ -84.221831759999986, 24.978148460000057 ], [ -84.226109016999942, 24.985383942000055 ], [ -84.230343243999982, 24.991982889000042 ], [ -84.248641798999984, 25.017870188000074 ], [ -84.255804306999948, 25.027725712000063 ], [ -84.274115970999958, 25.051093789000049 ], [ -84.278223189999949, 25.056559538000045 ], [ -84.282061975999966, 25.062145314000077 ], [ -84.284006289999979, 25.065266605000033 ], [ -84.285893331999944, 25.06851419000003 ], [ -84.289861798999937, 25.076049698000077 ], [ -84.299501308999936, 25.095425978000037 ], [ -84.316162636999934, 25.126771987000041 ], [ -84.320196305999957, 25.135079138000037 ], [ -84.323488172999987, 25.142601923000029 ], [ -84.334444108999946, 25.169983398000056 ], [ -84.350558762999981, 25.211647308000067 ], [ -84.360771785999987, 25.237316246000034 ], [ -84.373555279999948, 25.268379412000058 ], [ -84.390727476999984, 25.312324084000068 ], [ -84.39808150999994, 25.330636668000068 ], [ -84.407717299999945, 25.353867077000075 ], [ -84.427881120999984, 25.404039709000074 ], [ -84.441454476999979, 25.437123578000069 ], [ -84.447037641999941, 25.451117755000041 ], [ -84.451216799999941, 25.462188910000066 ], [ -84.456104662999962, 25.475988502000064 ], [ -84.460040566999965, 25.488062098000057 ], [ -84.470909927999969, 25.525424397000052 ], [ -84.474342712999942, 25.536643241000036 ], [ -84.478624231999959, 25.549812548000034 ], [ -84.483116495, 25.562723412000025 ], [ -84.494586359999971, 25.594183108000038 ], [ -84.505412713999988, 25.62650218400006 ], [ -84.518191021999939, 25.662133839000035 ], [ -84.524258053999972, 25.679635555000061 ], [ -84.532621168999981, 25.704710469000077 ], [ -84.545092049999937, 25.744072297000059 ], [ -84.556185974999948, 25.779519736000054 ], [ -84.563227215999973, 25.802573628000061 ], [ -84.574885018999964, 25.843665713000064 ], [ -84.580174903999989, 25.861586160000058 ], [ -84.586156669, 25.880311765000044 ], [ -84.597410810999975, 25.913808816000028 ], [ -84.602326821999952, 25.929416072000038 ], [ -84.606304329999944, 25.943170252000073 ], [ -84.614762156999973, 25.973621542000046 ], [ -84.627813055, 26.018236203000072 ], [ -84.633702941999957, 26.038913124000032 ], [ -84.636631702999978, 26.049848310000073 ], [ -84.639585310999962, 26.061892943000032 ], [ -84.654289441999936, 26.127378093000061 ], [ -84.658634245999963, 26.145226493000052 ], [ -84.660904221999942, 26.15376916200006 ], [ -84.664051978999964, 26.16469495900003 ], [ -84.678077294, 26.20939614100007 ], [ -84.690841821999982, 26.252272230000074 ], [ -84.698421033999978, 26.279369579000047 ], [ -84.703751968999939, 26.299818587000061 ], [ -84.705760249999969, 26.308012984000072 ], [ -84.708946861999948, 26.322221336000041 ], [ -84.717087167999978, 26.364926059000027 ], [ -84.721722395999961, 26.388069674000064 ], [ -84.726258009999981, 26.408291769000073 ], [ -84.731014674999983, 26.427577843000051 ], [ -84.737820144999944, 26.452748356000029 ], [ -84.747485548999975, 26.485996023000041 ], [ -84.76410403899996, 26.541088736000063 ], [ -84.769072428999948, 26.559896876000039 ], [ -84.778283411999951, 26.597062949000076 ], [ -84.780987741, 26.609097964000057 ], [ -84.783790300999954, 26.622688788000062 ], [ -84.788306311999975, 26.646272972000077 ], [ -84.793563469999981, 26.67505144200004 ], [ -84.796451561999959, 26.689760695000075 ], [ -84.807381708999969, 26.740151648000051 ], [ -84.809757163999961, 26.751816298000051 ], [ -84.811656457999959, 26.762194843000032 ], [ -84.812821688999975, 26.769369554000036 ], [ -84.81499139999994, 26.785684083000035 ], [ -84.817750735999937, 26.81111822500003 ], [ -84.819697891999965, 26.827144065000027 ], [ -84.821950225999956, 26.842581703000064 ], [ -84.823331055999972, 26.850256235000074 ], [ -84.824718908999955, 26.85681323700004 ], [ -84.827895619999936, 26.869563716000073 ], [ -84.83013686399994, 26.877598336000062 ], [ -84.839667571999939, 26.909700299000065 ], [ -84.843026084999963, 26.921752195000067 ], [ -84.847254455999973, 26.938051521000034 ], [ -84.850669335999953, 26.952378752000072 ], [ -84.854018531999941, 26.967465436000055 ], [ -84.86154315899995, 27.004493026000034 ], [ -84.866817846999936, 27.032971785000029 ], [ -84.877505639999981, 27.095695043000035 ], [ -84.886495324999942, 27.146632726000064 ], [ -84.890655721999963, 27.173619715000029 ], [ -84.897361063999938, 27.221182432000035 ], [ -84.899869100999979, 27.23702490900007 ], [ -84.902452795999977, 27.251902486000063 ], [ -84.909602763999942, 27.28927638600004 ], [ -84.91566430499995, 27.31864362500005 ], [ -84.922289038999963, 27.347183467000036 ], [ -84.929515257999981, 27.374949528000059 ], [ -84.937023428999964, 27.401752636000026 ], [ -84.942315075999943, 27.419638165000038 ], [ -84.947884080999984, 27.437099416000024 ], [ -84.954022853999959, 27.454547858000069 ], [ -84.959025345999976, 27.467332833000057 ], [ -84.961943494999957, 27.474197247000063 ], [ -84.965010876999941, 27.481004552000059 ], [ -84.975891461999936, 27.503868600000033 ], [ -84.982662975999972, 27.518875984000033 ], [ -84.988677970999959, 27.533515314000056 ], [ -84.993714806999947, 27.547329765000029 ], [ -85.000011545999939, 27.566157493000048 ], [ -85.020507423999959, 27.630578823000064 ], [ -85.031867863999935, 27.665665063000063 ], [ -85.039215633999959, 27.687288586000079 ], [ -85.057342197999958, 27.738633399000037 ], [ -85.06174981099997, 27.752004768000063 ], [ -85.074646043999962, 27.792991013000062 ], [ -85.07925228199997, 27.805791636000038 ], [ -85.084568325999953, 27.818309293000027 ], [ -85.088010363999956, 27.825626180000029 ], [ -85.095307145999982, 27.840127234000079 ], [ -85.111492511999984, 27.870478253000044 ], [ -85.117824287999952, 27.881869241000061 ], [ -85.124262845999965, 27.892959889000053 ], [ -85.131824679999966, 27.905072283000038 ], [ -85.135967569999934, 27.911180302000048 ], [ -85.140258148999976, 27.917113266000058 ], [ -85.14472029999996, 27.922947107000027 ], [ -85.152437347999978, 27.932402049000075 ], [ -85.160320988999956, 27.94140191300005 ], [ -85.171869704999949, 27.953617997000038 ], [ -85.183273136999958, 27.964835742000048 ], [ -85.189630699999952, 27.970818009000027 ], [ -85.208214408999936, 27.987610204000077 ], [ -85.225510919999977, 28.002564397000071 ], [ -85.248660728999937, 28.021890100000064 ], [ -85.271182647999979, 28.040313961000038 ], [ -85.285864351999976, 28.051887642000054 ], [ -85.298107247999951, 28.060907433000068 ], [ -85.30724799799998, 28.067208465000078 ], [ -85.319183864999957, 28.074939100000051 ], [ -85.333517641999947, 28.08369364400005 ], [ -85.39260577899995, 28.118834756000069 ], [ -85.482713198999988, 28.172975690000044 ], [ -85.495175116999974, 28.180148855000027 ], [ -85.508402108999974, 28.187419645000034 ], [ -85.552736419999974, 28.210987587000034 ], [ -85.571481631999973, 28.220463953000035 ], [ -85.589569585999982, 28.228993655000068 ], [ -85.612270561999935, 28.238872966000031 ], [ -85.652676071999963, 28.255553391000035 ], [ -85.672447328999965, 28.264059690000067 ], [ -85.742701451999949, 28.295689755000069 ], [ -85.759011192999935, 28.30328296600004 ], [ -85.777219783999954, 28.312020969000059 ], [ -85.806290219999937, 28.326269731000025 ], [ -85.840875369999935, 28.343871616000058 ], [ -85.868992973, 28.358479630000033 ], [ -85.916075273, 28.383339551000063 ], [ -85.968549317999987, 28.410059008000076 ], [ -85.991720981999947, 28.422038680000071 ], [ -86.009457635999979, 28.431491954000023 ], [ -86.019698576999986, 28.437194508000061 ], [ -86.030747227999939, 28.443655234000062 ], [ -86.040973845999986, 28.449841349000053 ], [ -86.065046286999973, 28.46459978200005 ], [ -86.080329884999969, 28.474151652000046 ], [ -86.11517723999998, 28.496930926000061 ], [ -86.134837168999979, 28.510362375000057 ], [ -86.143390090999958, 28.516539045000059 ], [ -86.169061281999973, 28.535617355000056 ], [ -86.180253621999952, 28.543715536000036 ], [ -86.191946913999971, 28.551852379000024 ], [ -86.220280437999975, 28.571142644000076 ], [ -86.233826815999976, 28.580967324000028 ], [ -86.239725474999943, 28.585535533000041 ], [ -86.250546060999966, 28.594352493000031 ], [ -86.26000916299995, 28.602460343000075 ], [ -86.274200229999963, 28.615169481000066 ], [ -86.29111297999998, 28.631041120000077 ], [ -86.305759231999957, 28.645287027000052 ], [ -86.322143405999952, 28.661973036000063 ], [ -86.335243765999962, 28.676078629000074 ], [ -86.347590312999955, 28.690221074000078 ], [ -86.378483462999952, 28.726552513000058 ], [ -86.387687458999949, 28.738022215000058 ], [ -86.395344230999967, 28.748358711000037 ], [ -86.401107036999974, 28.756869051000024 ], [ -86.404745849999983, 28.76278628700004 ], [ -86.408189087999972, 28.768801995000047 ], [ -86.411634302999971, 28.775168137000037 ], [ -86.428113215999986, 28.80697391800004 ], [ -86.438214523999989, 28.825638054000024 ], [ -86.451807414999962, 28.849864614000069 ], [ -86.474225210999975, 28.888880989000029 ], [ -86.486692666999943, 28.911526636000076 ], [ -86.494717247999972, 28.927119953000044 ], [ -86.501257546999966, 28.941238062000025 ], [ -86.506290356999955, 28.953331838000054 ], [ -86.51136607899997, 28.966815908000058 ], [ -86.516191419999984, 28.98145971100007 ], [ -86.519806291999942, 28.993753188000028 ], [ -86.523530415999971, 29.007724630000041 ], [ -86.529598759999942, 29.032043136000027 ], [ -86.532299849999958, 29.042222795000043 ], [ -86.535846196999955, 29.054657538000072 ], [ -86.541175908999946, 29.071716723000065 ], [ -86.545039948999943, 29.082866691000049 ], [ -86.549577388999978, 29.095077045000039 ], [ -86.564446823999958, 29.132315310000024 ], [ -86.568469664999952, 29.14277220300005 ], [ -86.582728522999957, 29.183240073000036 ], [ -86.588248424999961, 29.197546673000033 ], [ -86.59127525599996, 29.204640761000064 ], [ -86.594525546999989, 29.21164707500003 ], [ -86.599343052999984, 29.221087276000048 ], [ -86.60839909699996, 29.238137817000052 ], [ -86.613621280999951, 29.248746320000066 ], [ -86.625296164999952, 29.275295411000059 ], [ -86.628532924999945, 29.282356193000055 ], [ -86.63361002299996, 29.292542752000031 ], [ -86.639277780999976, 29.303105826000035 ], [ -86.64570936299998, 29.314627147000067 ], [ -86.658637377, 29.337110521000056 ], [ -86.665006681999955, 29.34753353900004 ], [ -86.672569112999952, 29.358869953000067 ], [ -86.678563783999948, 29.36706612100005 ], [ -86.683076439999979, 29.372861994000061 ], [ -86.687734964999947, 29.378568251000047 ], [ -86.695529183999952, 29.387548261000063 ], [ -86.704391556999951, 29.396960033000028 ], [ -86.721634743999971, 29.414622552000026 ], [ -86.759888552999939, 29.454400510000028 ], [ -86.768910299999959, 29.46316465700005 ], [ -86.77432646799997, 29.468036605000066 ], [ -86.783677380999961, 29.475862780000057 ], [ -86.793731808999951, 29.483446082000057 ], [ -86.80024044299995, 29.487870014000066 ], [ -86.806970990999957, 29.492004340000051 ], [ -86.815328247999958, 29.49649015600005 ], [ -86.819120097999985, 29.498317058000055 ], [ -86.827048935999983, 29.501802629000053 ], [ -86.833469842999989, 29.504345661000059 ], [ -86.840000437999947, 29.506686663000039 ], [ -86.846766055999979, 29.508850513000027 ], [ -86.853628674999982, 29.510802586000068 ], [ -86.860673161999955, 29.512579742000071 ], [ -86.867789722999987, 29.514167041000064 ], [ -86.874796852999964, 29.51554810600004 ], [ -86.888441646999979, 29.517842552000047 ], [ -86.898293978999959, 29.519204625000043 ], [ -86.906815562999952, 29.520203437000077 ], [ -86.923612204999984, 29.521760419000032 ], [ -86.938175014999956, 29.52270403700004 ], [ -86.953079509999952, 29.523364135000065 ], [ -86.973065846999987, 29.523827863000065 ], [ -86.988954268999976, 29.52398585800006 ], [ -87.016151356999956, 29.523792122000032 ], [ -87.035336350999955, 29.523181570000077 ], [ -87.050204672999939, 29.522316549000038 ], [ -87.064390906999961, 29.521104052000055 ], [ -87.073221969999963, 29.520130591000054 ], [ -87.089152566999985, 29.517963111000029 ], [ -87.099368058999971, 29.516227494000077 ], [ -87.115549258999977, 29.512910462000036 ], [ -87.126471324999955, 29.510370239000054 ], [ -87.140510627999959, 29.506847105000077 ], [ -87.154541633999941, 29.503049622000049 ], [ -87.169656179999947, 29.498606337000069 ], [ -87.178524609999954, 29.495799615000067 ], [ -87.199733704999971, 29.488727180000069 ], [ -87.216025681999952, 29.483065090000025 ], [ -87.240160873999969, 29.474217065000062 ], [ -87.275475706999941, 29.460571525000034 ], [ -87.294295715999965, 29.453754275000051 ], [ -87.309515896999983, 29.447915573000046 ], [ -87.321468388999961, 29.442727269000045 ], [ -87.350503247999939, 29.428841858000055 ], [ -87.366686859999959, 29.421572292000064 ], [ -87.45356535999997, 29.385032623000029 ], [ -87.46740134099997, 29.37903970900004 ], [ -87.479894441999988, 29.37332549000007 ], [ -87.510730681999974, 29.358107466000035 ], [ -87.517296894999959, 29.354975155000034 ], [ -87.525599994999936, 29.351241730000027 ], [ -87.539432898999962, 29.345452786000067 ], [ -87.587268196999958, 29.326197476000061 ], [ -87.600880282999981, 29.321169214000065 ], [ -87.614275117999966, 29.316714947000037 ], [ -87.697675920999984, 29.29171354500005 ], [ -87.750832914999989, 29.277487733000044 ], [ -87.814720027999954, 29.259661190000031 ], [ -87.842192710999939, 29.252440914000033 ], [ -87.864625245999946, 29.247199923000039 ], [ -87.91449481799998, 29.236423216000048 ], [ -87.978636038, 29.221652218000031 ], [ -88.035574119999978, 29.209032725000043 ], [ -88.084120542999983, 29.198077873000045 ], [ -88.111343700999953, 29.192227072000037 ], [ -88.159629277999954, 29.182499574000076 ], [ -88.175981058, 29.178781910000055 ], [ -88.190613166999981, 29.175054799000065 ], [ -88.207119367999951, 29.170232991000034 ], [ -88.220035395999957, 29.165981517000034 ], [ -88.24092064599995, 29.15853376900003 ], [ -88.266463755999951, 29.148885093000047 ], [ -88.284261430999948, 29.141804218000061 ], [ -88.30229997899994, 29.134158134000074 ], [ -88.348835160999954, 29.113241065000068 ], [ -88.357750325999973, 29.109537393000039 ], [ -88.363979487999984, 29.107187877000058 ], [ -88.371190666999951, 29.104738065000049 ], [ -88.385068519999948, 29.100691415000028 ], [ -88.400875551999945, 29.096680689000038 ], [ -88.408182180999972, 29.094990263000057 ], [ -88.428106561999982, 29.090845926000043 ], [ -88.456042793999984, 29.085761303000027 ], [ -88.463073492999968, 29.084355948000052 ], [ -88.470034915999975, 29.082761887000061 ], [ -88.480291775999945, 29.07989907700005 ], [ -88.488017203999959, 29.077310528000055 ], [ -88.495611560999976, 29.074430437000046 ], [ -88.503079185999979, 29.071297110000046 ], [ -88.514421779999964, 29.065954309000062 ], [ -88.521226885999965, 29.062361880000026 ], [ -88.527845897999953, 29.058513951000066 ], [ -88.533868645999974, 29.054640479000057 ], [ -88.539706211999942, 29.050539140000069 ], [ -88.543912323999962, 29.04737089300005 ], [ -88.552766012999939, 29.040063745000054 ], [ -88.557385546999967, 29.035904911000046 ], [ -88.566302618999941, 29.027304350000065 ], [ -88.580598538999936, 29.01280480500003 ], [ -88.58756737899995, 29.005950718000065 ], [ -88.596628866999936, 28.997459909000042 ], [ -88.607333489999974, 28.988133559000062 ], [ -88.617106375999981, 28.980376402000047 ], [ -88.628318235999984, 28.972407075000035 ], [ -88.635067647999961, 28.968069289000027 ], [ -88.643042950999984, 28.963405822000027 ], [ -88.64742856099997, 28.961034048000045 ], [ -88.658285977999981, 28.955661759000066 ], [ -88.66686481499994, 28.951797144000068 ], [ -88.681731897999953, 28.945668363000038 ], [ -88.692157815999963, 28.941740122000056 ], [ -88.707150383999988, 28.936451181000052 ], [ -88.717905947999952, 28.93294155600006 ], [ -88.728247225999951, 28.929862993000029 ], [ -88.736565651999967, 28.927619004000064 ], [ -88.744945082999948, 28.925573028000031 ], [ -88.757533253999952, 28.922934088000034 ], [ -88.774614623, 28.919978549000064 ], [ -88.801306101999955, 28.915818558000069 ], [ -88.813881136999953, 28.913337713000033 ], [ -88.82088506599996, 28.911573439000051 ], [ -88.827861527999971, 28.909421677000068 ], [ -88.834682080999983, 28.906910949000064 ], [ -88.841377626999986, 28.904046394000034 ], [ -88.847932223999976, 28.900894510000057 ], [ -88.854366858999981, 28.897507700000062 ], [ -88.865222476999975, 28.891226283000037 ], [ -88.87204746599997, 28.886983625000028 ], [ -88.894031920999964, 28.87250834200006 ], [ -88.905144637999967, 28.865413242000045 ], [ -88.943842576999941, 28.841806858000041 ], [ -88.955678236999972, 28.834205679000036 ], [ -88.961989461999963, 28.829980058000046 ], [ -88.992897217999939, 28.808085946000062 ], [ -89.000298097999973, 28.803198212000041 ], [ -89.006807211999956, 28.799189202000036 ], [ -89.012994855999978, 28.795599065000033 ], [ -89.019273643999952, 28.792145317000063 ], [ -89.029473697999947, 28.786897114000055 ], [ -89.035767041999975, 28.78388000800004 ], [ -89.043346597999971, 28.780526108000061 ], [ -89.053454048999981, 28.776450001000057 ], [ -89.074445032999961, 28.768805073000067 ], [ -89.079507311999976, 28.766894706000073 ], [ -89.084591578999948, 28.764765553000075 ], [ -89.089355194999939, 28.762435294000056 ], [ -89.092912973999944, 28.760344775000078 ], [ -89.09614404499996, 28.758012240000028 ], [ -89.099942804999955, 28.754343987000027 ], [ -89.102821399999982, 28.75035144800006 ], [ -89.105583512999942, 28.744150413000057 ], [ -89.106927621999944, 28.738839527000039 ], [ -89.10768432499998, 28.733232761000068 ], [ -89.107947901999978, 28.72740017600006 ], [ -89.107733242999984, 28.72048600200003 ], [ -89.107248400999936, 28.715054346000045 ], [ -89.104055201999984, 28.692630299000029 ], [ -89.102874081999971, 28.682520540000041 ], [ -89.102397603999975, 28.675803563000045 ], [ -89.102230712999983, 28.669121974000063 ], [ -89.102435167999943, 28.662505272000033 ], [ -89.103092562999962, 28.655986402000053 ], [ -89.103892084999984, 28.651449609000053 ], [ -89.105002505999948, 28.647076949000052 ], [ -89.106696590999945, 28.642154755000035 ], [ -89.108820677999972, 28.637367201000075 ], [ -89.112049036999963, 28.631588320000048 ], [ -89.115831864999961, 28.626030300000025 ], [ -89.119603772999938, 28.621260114000052 ], [ -89.123706028999948, 28.616655647000073 ], [ -89.127765713999963, 28.612524430000065 ], [ -89.154972846999954, 28.58732703000004 ], [ -89.173979360999965, 28.568418831000031 ], [ -89.180105209999965, 28.56262447000006 ], [ -89.186506726999937, 28.55709795000007 ], [ -89.193910339999945, 28.551463928000032 ], [ -89.201721238999937, 28.546288167000057 ], [ -89.209990907999952, 28.541570082000078 ], [ -89.216822569999977, 28.538170127000058 ], [ -89.223830948999989, 28.535050469000055 ], [ -89.231000670999947, 28.532202894000079 ], [ -89.237619715999983, 28.529867455000044 ], [ -89.244347734999963, 28.527762763000055 ], [ -89.25117733999997, 28.525887332000025 ], [ -89.258087913999987, 28.524224280000055 ], [ -89.267156343999943, 28.522360758000048 ], [ -89.273182584999972, 28.52131475300007 ], [ -89.27924491999994, 28.520419510000067 ], [ -89.288315583999974, 28.519365364000066 ], [ -89.322830320999969, 28.516501876000063 ], [ -89.342648363999956, 28.514664435000043 ], [ -89.400934569999947, 28.508500893000075 ], [ -89.407341653999936, 28.508065479000038 ], [ -89.413691440999969, 28.507904726000049 ], [ -89.419413799999973, 28.50808401300003 ], [ -89.425364748999982, 28.508687249000047 ], [ -89.431991249999953, 28.509857580000073 ], [ -89.438507651999942, 28.511494432000063 ], [ -89.444892098999958, 28.513559118000046 ], [ -89.450432846999945, 28.515734366000061 ], [ -89.459048170999949, 28.519827931000066 ], [ -89.472248224999987, 28.526914524000063 ], [ -89.482180750999987, 28.531929385000069 ], [ -89.487353582999958, 28.534279628000036 ], [ -89.494938330999958, 28.537294036000048 ], [ -89.502756676999979, 28.539838607000036 ], [ -89.510768826999936, 28.542010720000064 ], [ -89.524925647999964, 28.545184412000026 ], [ -89.535319912999967, 28.547201124000026 ], [ -89.544403907999936, 28.548761549000062 ], [ -89.553555040999981, 28.550090926000053 ], [ -89.560791644999938, 28.550929781000036 ], [ -89.568773213999975, 28.551630313000032 ], [ -89.586863028999971, 28.552631 ], [ -89.630990117999943, 28.553828373000044 ], [ -89.647101994999957, 28.554763621000063 ], [ -89.678593941999964, 28.557056149000061 ], [ -89.689904615999978, 28.558219152000049 ], [ -89.695230933999937, 28.558985807000056 ], [ -89.700491158999967, 28.559943353000051 ], [ -89.708048744999985, 28.561745408000036 ], [ -89.715405842999985, 28.564012433000073 ], [ -89.718594955999947, 28.565165089000061 ], [ -89.726234013999942, 28.568410872000072 ], [ -89.733506529999943, 28.572204728000031 ], [ -89.740769652999973, 28.576839230000076 ], [ -89.744916056999955, 28.579966166000077 ], [ -89.748878686999944, 28.583271554000078 ], [ -89.765111580999985, 28.598302422000074 ], [ -89.771143376999987, 28.603311258000076 ], [ -89.77756870099995, 28.60753449300006 ], [ -89.784282330999986, 28.610543557000028 ], [ -89.790516432999937, 28.612327815000071 ], [ -89.796971395999947, 28.613356224000029 ], [ -89.803539699999988, 28.613617304000059 ], [ -89.806913659999964, 28.613437358000056 ], [ -89.810803289999967, 28.61294287100003 ], [ -89.815854206999973, 28.611821439000039 ], [ -89.820812491999959, 28.61020271700005 ], [ -89.826640194999982, 28.60765808900004 ], [ -89.832307266999976, 28.604587758000037 ], [ -89.83658064499997, 28.601926968000043 ], [ -89.840748553999958, 28.599045422000074 ], [ -89.84609474399997, 28.594897704000061 ], [ -89.851167601999975, 28.590416410000046 ], [ -89.855559503999984, 28.586041981000051 ], [ -89.859808499999986, 28.581505036000067 ], [ -89.87837018099998, 28.561285319000035 ], [ -89.884911028999966, 28.553750727000079 ], [ -89.88844695399996, 28.549285984000051 ], [ -89.891564303999985, 28.544749950000039 ], [ -89.894087165999963, 28.540054180000027 ], [ -89.895622139999944, 28.535980082000037 ], [ -89.896678013999974, 28.531772717000024 ], [ -89.897393622999971, 28.526693311000031 ], [ -89.897657422999941, 28.521532683000032 ], [ -89.897524571999952, 28.515394298000047 ], [ -89.896958363999943, 28.509314249000056 ], [ -89.895645965999961, 28.501904473000025 ], [ -89.89360731499994, 28.494804547000058 ], [ -89.891889832999937, 28.490631591000067 ], [ -89.889840808999963, 28.486935989000074 ], [ -89.88742840499998, 28.48384382200004 ], [ -89.885228659999939, 28.481900516000053 ], [ -89.882832517999987, 28.480475438000042 ], [ -89.878585991999955, 28.479403439000066 ], [ -89.874085875999981, 28.480093267000029 ], [ -89.870751259999963, 28.481492163000041 ], [ -89.865880298999969, 28.484289175000072 ], [ -89.858290218999969, 28.48892008100006 ], [ -89.852805560999968, 28.491519637000067 ], [ -89.847064741999986, 28.493172357000049 ], [ -89.84233672299996, 28.493488912000032 ], [ -89.836750242999983, 28.492416974000037 ], [ -89.83116344299998, 28.49001895400005 ], [ -89.825599031999957, 28.486599568000031 ], [ -89.820883889999948, 28.48306266000003 ], [ -89.816186808999987, 28.479097607000028 ], [ -89.80821647199997, 28.471707525000056 ], [ -89.800167774999977, 28.463857760000053 ], [ -89.791605171999947, 28.455003497000064 ], [ -89.786592747999975, 28.449357795000026 ], [ -89.781979527999965, 28.443536040000026 ], [ -89.777961215999937, 28.437475241000072 ], [ -89.77653825699997, 28.434910565000052 ], [ -89.773220353999989, 28.427356148000058 ], [ -89.770952410999939, 28.419544161000033 ], [ -89.769749998999941, 28.411584833000063 ], [ -89.769636091999985, 28.405113932000063 ], [ -89.770383215999971, 28.398626924000041 ], [ -89.77180169899998, 28.392480549000027 ], [ -89.773761930999967, 28.386361530000045 ], [ -89.777897323, 28.376126513000031 ], [ -89.784663488999968, 28.361084862000041 ], [ -89.79028741999997, 28.34767987500004 ], [ -89.792352782999956, 28.342015984000057 ], [ -89.793851070999949, 28.337307977000023 ], [ -89.795116635999989, 28.332558280000057 ], [ -89.795991543999946, 28.328449015000047 ], [ -89.797194868999952, 28.320717983000065 ], [ -89.798019276, 28.312922190000052 ], [ -89.799203292999948, 28.298350019000054 ], [ -89.799931790999949, 28.29104899400005 ], [ -89.800795508999954, 28.284477118000041 ], [ -89.801930637999988, 28.277992543000039 ], [ -89.803429358999949, 28.271631601000024 ], [ -89.80549001199995, 28.265199404000043 ], [ -89.807406263999951, 28.260611519000065 ], [ -89.811056663999977, 28.253779791000056 ], [ -89.815213492999987, 28.247562248000065 ], [ -89.819843802999969, 28.241606495000042 ], [ -89.834345346999953, 28.224737990000051 ], [ -89.846619716999953, 28.208679074000031 ], [ -89.851929438999946, 28.202507716000071 ], [ -89.856187825999939, 28.198388330000057 ], [ -89.860914580999975, 28.194629951000024 ], [ -89.866043317999981, 28.191203949000055 ], [ -89.871492782999951, 28.18805401000003 ], [ -89.877836703999947, 28.184799640000051 ], [ -89.896050099999968, 28.176160835000076 ], [ -89.902719071999968, 28.172830087000079 ], [ -89.909277453999948, 28.169276102000026 ], [ -89.918400192999968, 28.163718609000057 ], [ -89.923537351999983, 28.160300740000025 ], [ -89.928601673999935, 28.156771568000067 ], [ -89.938690501999986, 28.149386182000057 ], [ -89.945499929999983, 28.14414240800005 ], [ -89.951801876, 28.139007585000058 ], [ -89.957907124999963, 28.133696782000072 ], [ -89.976510017999942, 28.116226273000052 ], [ -89.983274085999938, 28.11027333100003 ], [ -89.989222035999944, 28.105361946000073 ], [ -89.995294766999962, 28.100642819000029 ], [ -90.00228550199995, 28.095613960000037 ], [ -90.009536733999937, 28.091032599000073 ], [ -90.015888687999961, 28.087682976000053 ], [ -90.020248955999989, 28.08575894300003 ], [ -90.027094505999969, 28.08329214500003 ], [ -90.03529494299994, 28.081013957000039 ], [ -90.043713914999955, 28.079218052000044 ], [ -90.052691464999953, 28.077742035000028 ], [ -90.065162093999959, 28.076319596000076 ], [ -90.073586875, 28.075763049000045 ], [ -90.08029049299995, 28.075556764000055 ], [ -90.086974255999962, 28.075596403000077 ], [ -90.093125157999964, 28.075869534000049 ], [ -90.108254238999962, 28.076956915000039 ], [ -90.117225454999982, 28.07739497700004 ], [ -90.122925434999956, 28.077400030000035 ], [ -90.127208329999974, 28.077204638000069 ], [ -90.133869540999967, 28.076566113000069 ], [ -90.140506875999961, 28.075576243000057 ], [ -90.147114379999948, 28.074290081000072 ], [ -90.152080650999949, 28.073144955000032 ], [ -90.157015485999977, 28.071846807000043 ], [ -90.165166366999983, 28.069333505000031 ], [ -90.173209224999937, 28.066464231000054 ], [ -90.194192860999976, 28.058146322000027 ], [ -90.204470239999978, 28.054360575000032 ], [ -90.21325700899996, 28.051454759000023 ], [ -90.222153544999969, 28.048921171000075 ], [ -90.229616347999979, 28.047196085000053 ], [ -90.23879240499997, 28.045641387000046 ], [ -90.247175389999938, 28.044598969000049 ], [ -90.272231043999966, 28.041949137000074 ], [ -90.325500216999956, 28.035128600000064 ], [ -90.360993680999968, 28.031652317000066 ], [ -90.368647203999956, 28.03068188900005 ], [ -90.375237077999941, 28.029635249000023 ], [ -90.38178401, 28.028401303000066 ], [ -90.392959274999953, 28.025869989000057 ], [ -90.403258422999954, 28.02304751500003 ], [ -90.409101570999951, 28.021226355000067 ], [ -90.433905397999979, 28.012986372000057 ], [ -90.446150706999958, 28.009387414000059 ], [ -90.456935728999952, 28.006602685000075 ], [ -90.468634865999945, 28.003851243000042 ], [ -90.50089774099996, 27.997092323000061 ], [ -90.508950445999972, 27.995141688000047 ], [ -90.520658386999969, 27.991694463000044 ], [ -90.528724211999986, 27.98888424300003 ], [ -90.536616855999966, 27.985738759000071 ], [ -90.545688567999946, 27.981515384000033 ], [ -90.555553553999971, 27.976142405000076 ], [ -90.579740361999939, 27.961748352000029 ], [ -90.593960630999959, 27.953635372000065 ], [ -90.599271596999984, 27.950915646000055 ], [ -90.604867790999947, 27.948405230000049 ], [ -90.610602763999964, 27.946264987000063 ], [ -90.617462092999972, 27.944329358000061 ], [ -90.625316857999962, 27.942909040000075 ], [ -90.631559827999979, 27.942213282000068 ], [ -90.637887398999965, 27.941772377000063 ], [ -90.644273164999959, 27.941508344000056 ], [ -90.665351579999935, 27.941038750000075 ], [ -90.67459056499996, 27.940599786000064 ], [ -90.684161544999938, 27.939558298000065 ], [ -90.693084647999967, 27.937793720000059 ], [ -90.700539986999956, 27.935828202000039 ], [ -90.707917974999987, 27.933581592000053 ], [ -90.721598509999978, 27.929112725000039 ], [ -90.734213160999957, 27.925175585000034 ], [ -90.747566706999976, 27.920665337000059 ], [ -90.752430237999988, 27.918796205000035 ], [ -90.759865015999935, 27.915474719000031 ], [ -90.77515180499995, 27.90754028300006 ], [ -90.783166146999974, 27.903828218000058 ], [ -90.788078741999982, 27.901831042000026 ], [ -90.793112316999952, 27.900016580000056 ], [ -90.80055430699997, 27.897760196000036 ], [ -90.808187779999969, 27.895942862000027 ], [ -90.818777907999959, 27.894208613000046 ], [ -90.826462257999935, 27.893503582000051 ], [ -90.83360582399996, 27.893272458000069 ], [ -90.840785957999969, 27.893385357000057 ], [ -90.845736940999984, 27.893629204000035 ], [ -90.853173489999961, 27.894213907000051 ], [ -90.860593061999964, 27.89501703600007 ], [ -90.868076323999958, 27.896011400000077 ], [ -90.888011006999989, 27.899201798000036 ], [ -90.896848117, 27.900323721000063 ], [ -90.903568957999937, 27.900850369000068 ], [ -90.925603285999955, 27.90184374100005 ], [ -90.936814586999958, 27.902881862000072 ], [ -90.951003013, 27.904755876000024 ], [ -90.979042708999941, 27.908851948000063 ], [ -90.993909903999963, 27.910725109000055 ], [ -91.002313524999977, 27.911624216000064 ], [ -91.01617424799997, 27.912718232000032 ], [ -91.024301114999957, 27.912976744000048 ], [ -91.032312627999943, 27.912783942000033 ], [ -91.036585015999947, 27.912435869000035 ], [ -91.040666648999945, 27.911910331000058 ], [ -91.04949860399995, 27.910075468000059 ], [ -91.057934349999982, 27.907325119000063 ], [ -91.065703415999963, 27.903687501000036 ], [ -91.068050611, 27.902319287000068 ], [ -91.073706443999981, 27.898420350000038 ], [ -91.07896776399997, 27.893998896000028 ], [ -91.083865430999936, 27.889150940000036 ], [ -91.089436404999958, 27.882730114000026 ], [ -91.09464473099996, 27.875979252000036 ], [ -91.10387577399996, 27.863339809000024 ], [ -91.108367924999982, 27.857669822000048 ], [ -91.113231983999981, 27.852330607000056 ], [ -91.116383811999981, 27.84935960200005 ], [ -91.121056299999964, 27.845530387000053 ], [ -91.12606802199997, 27.842045232000032 ], [ -91.131365273999961, 27.838887620000037 ], [ -91.136900680999986, 27.836035502000072 ], [ -91.14434304699995, 27.832807562000028 ], [ -91.151039387999958, 27.830464633000076 ], [ -91.157923000999972, 27.828524357000049 ], [ -91.162787417999937, 27.827399352000043 ], [ -91.170281745999944, 27.826012641000034 ], [ -91.177876739999988, 27.825071163000075 ], [ -91.185573469999952, 27.824641654000061 ], [ -91.196050187999958, 27.824810468000067 ], [ -91.203901860999963, 27.825447217000033 ], [ -91.211721747999945, 27.82650790200006 ], [ -91.218671472999972, 27.827813716000037 ], [ -91.225564840999937, 27.829400367000062 ], [ -91.23115624199994, 27.83086417800007 ], [ -91.24168009899995, 27.833954731000063 ], [ -91.259560765999936, 27.839709894000066 ], [ -91.267478400999948, 27.842026730000043 ], [ -91.27543365799994, 27.843891732000031 ], [ -91.283926070999939, 27.84511677200004 ], [ -91.292372142999966, 27.845471374000056 ], [ -91.298920023999983, 27.845295730000032 ], [ -91.305498582999974, 27.844800397000029 ], [ -91.312086395999984, 27.844017258000065 ], [ -91.317835507999973, 27.843119194000053 ], [ -91.339933283999983, 27.838940390000062 ], [ -91.346915577999937, 27.837813084000061 ], [ -91.35418724699997, 27.836905694000052 ], [ -91.36208090599996, 27.836238323000032 ], [ -91.370338236999942, 27.835869864000074 ], [ -91.378589899999952, 27.835875903000044 ], [ -91.388244646999965, 27.836440116000063 ], [ -91.396082669999942, 27.837357735000069 ], [ -91.402856478, 27.83841579500006 ], [ -91.42164201099996, 27.841741981000041 ], [ -91.430815002999964, 27.842889145000072 ], [ -91.439861198999949, 27.843469303000063 ], [ -91.448931391999963, 27.843661961000066 ], [ -91.459492096999952, 27.843548911000028 ], [ -91.469580460999964, 27.84315943200005 ], [ -91.478024335999976, 27.842430898000032 ], [ -91.486099945999968, 27.841097993000062 ], [ -91.490876126999979, 27.839846129000023 ], [ -91.495885516999977, 27.837985962000062 ], [ -91.502798120999955, 27.83414626900003 ], [ -91.50804457299995, 27.830094786000075 ], [ -91.512716032999947, 27.825577351000049 ], [ -91.521752193999987, 27.815195512000059 ], [ -91.525422014999947, 27.811447343000054 ], [ -91.529169736999961, 27.808377360000065 ], [ -91.532111332999989, 27.806557456000064 ], [ -91.535179250999988, 27.805246409000063 ], [ -91.538729266999951, 27.804479319000052 ], [ -91.542342017999943, 27.804417430000058 ], [ -91.546654966999938, 27.805220043000077 ], [ -91.550751599999955, 27.806883228000061 ], [ -91.554465035999954, 27.80932437000007 ], [ -91.556943420999971, 27.811703178000073 ], [ -91.558615776999943, 27.813907845000074 ], [ -91.560313269999938, 27.817116534000036 ], [ -91.562150221999957, 27.822936825000056 ], [ -91.563247618999981, 27.829376708000041 ], [ -91.565128323999943, 27.848952664000024 ], [ -91.566080291, 27.855041868000058 ], [ -91.56752477699996, 27.860643382000035 ], [ -91.569682963999981, 27.865511242000025 ], [ -91.571221370999979, 27.867719571000066 ], [ -91.572503161999975, 27.869085765000079 ], [ -91.575118087999954, 27.871048220000034 ], [ -91.579872684999941, 27.87297729200003 ], [ -91.585148799999956, 27.873606316000064 ], [ -91.590599301999987, 27.87291409200003 ], [ -91.59398945099997, 27.871750829000064 ], [ -91.596415855999965, 27.870514485000058 ], [ -91.598622434999982, 27.869081453000035 ], [ -91.601539832999947, 27.866727355000023 ], [ -91.604326514999968, 27.864015383000037 ], [ -91.608095091999985, 27.85973477400006 ], [ -91.620019405999983, 27.84444023900005 ], [ -91.623278963999951, 27.840465813000037 ], [ -91.626695859999984, 27.836698676000026 ], [ -91.630495626999959, 27.833124896000072 ], [ -91.634586704999947, 27.829989524000041 ], [ -91.638992860999963, 27.827398784000025 ], [ -91.645186642999988, 27.824922461000028 ], [ -91.651827197999978, 27.823087541000064 ], [ -91.661203478999937, 27.820868703000031 ], [ -91.668532370999969, 27.818949534000069 ], [ -91.674667578999959, 27.817042705000063 ], [ -91.680832509999959, 27.814885726000057 ], [ -91.699013578999939, 27.808115686000065 ], [ -91.705812493999986, 27.805888953000078 ], [ -91.716534758999956, 27.802934741000058 ], [ -91.724086780999983, 27.801235577000057 ], [ -91.731724442999962, 27.799821939000026 ], [ -91.740410569999938, 27.798624519000043 ], [ -91.745735802999945, 27.798158172000058 ], [ -91.751091446999965, 27.797883412000033 ], [ -91.757914981999988, 27.797778720000053 ], [ -91.769803301999957, 27.798160844000051 ], [ -91.783084971999983, 27.799329679000039 ], [ -91.791150096999957, 27.800335951000079 ], [ -91.828139288999978, 27.80559984100006 ], [ -91.83483791499998, 27.806346310000038 ], [ -91.845664049999982, 27.807189258000051 ], [ -91.858430430999988, 27.807489476000057 ], [ -91.883241604999967, 27.807278496000038 ], [ -91.919406524999943, 27.808225974000038 ], [ -91.951678009999966, 27.80875601200006 ], [ -91.959772181999938, 27.809089961000041 ], [ -91.975858029999984, 27.810170172000028 ], [ -91.985720440999955, 27.811113458000079 ], [ -92.003388447999953, 27.813108908000061 ], [ -92.010657840999954, 27.813706794000041 ], [ -92.01600822599994, 27.813924803000077 ], [ -92.021330259999957, 27.813883588000067 ], [ -92.027259516999948, 27.813466809000033 ], [ -92.033126249999953, 27.812652193000076 ], [ -92.041412689999959, 27.81081922900006 ], [ -92.049518101, 27.808352018000051 ], [ -92.057457811999939, 27.805361941000058 ], [ -92.073451802999955, 27.798409715000048 ], [ -92.080266781999967, 27.795595286000037 ], [ -92.086995954999963, 27.793141228000025 ], [ -92.093844327999989, 27.79110427300003 ], [ -92.099833301, 27.789779667000062 ], [ -92.105888763999985, 27.788858663000042 ], [ -92.110559165999973, 27.788426083000047 ], [ -92.11523544299996, 27.788245559000075 ], [ -92.120586171999946, 27.788374001000079 ], [ -92.125904573999946, 27.788890543000036 ], [ -92.134448621999979, 27.790591937000045 ], [ -92.142822950999971, 27.793198800000027 ], [ -92.152614759999949, 27.79725705900006 ], [ -92.16075355299995, 27.801280556000052 ], [ -92.165155689999949, 27.803652476000025 ], [ -92.179308910999964, 27.811911430000066 ], [ -92.18661102599998, 27.815955130000077 ], [ -92.193162929999971, 27.81902387100007 ], [ -92.199943960999974, 27.821571418000076 ], [ -92.205308391999949, 27.82312220600005 ], [ -92.210777521999944, 27.824302981000073 ], [ -92.216139932999965, 27.825087985000039 ], [ -92.221553340999947, 27.825531873000045 ], [ -92.226891243999944, 27.825636742000029 ], [ -92.232236980999971, 27.825389686000051 ], [ -92.240208767999945, 27.824339362000046 ], [ -92.25056374899998, 27.821968981000055 ], [ -92.258728547999965, 27.819474576000061 ], [ -92.266796279999937, 27.816537445000051 ], [ -92.275362783, 27.812941416000058 ], [ -92.283150154999987, 27.809358501000077 ], [ -92.302711744999954, 27.799857116000055 ], [ -92.309082788999945, 27.796941940000067 ], [ -92.315309816999957, 27.794327530000032 ], [ -92.319917484999962, 27.792586453000069 ], [ -92.325759440999946, 27.790692357000069 ], [ -92.331369572999961, 27.789485495000065 ], [ -92.33678660399994, 27.789282290000074 ], [ -92.341985030999979, 27.790319039000053 ], [ -92.346998242999973, 27.792446343000051 ], [ -92.351793804999943, 27.795461361000037 ], [ -92.357574130999978, 27.800256544000035 ], [ -92.369821610999963, 27.811625367000033 ], [ -92.381028056, 27.821433244000048 ], [ -92.387618424999971, 27.826830768000036 ], [ -92.39250672299994, 27.83058645400007 ], [ -92.397501481999939, 27.834120867000024 ], [ -92.402628339999978, 27.837341465000065 ], [ -92.407102696999971, 27.839752852000061 ], [ -92.410556654999937, 27.841337839000062 ], [ -92.417446628999983, 27.843774905000032 ], [ -92.424446677, 27.845335237000029 ], [ -92.431440767999959, 27.846035767000046 ], [ -92.435996862999957, 27.846006491000026 ], [ -92.440470079999955, 27.845512649000057 ], [ -92.444759199999964, 27.844516247000058 ], [ -92.448932561999982, 27.843050156000061 ], [ -92.453603904999966, 27.840852277000067 ], [ -92.458148856999969, 27.838239225000052 ], [ -92.463067707999983, 27.835028492000049 ], [ -92.477407592999953, 27.825017927000033 ], [ -92.482345175999967, 27.821992865000027 ], [ -92.488046588999964, 27.819075455000075 ], [ -92.493540669999959, 27.816796629000066 ], [ -92.499187001999985, 27.814955387000055 ], [ -92.504943591999961, 27.81359694300005 ], [ -92.511240398999973, 27.812735415000077 ], [ -92.515618621999977, 27.812543872000049 ], [ -92.518634311999961, 27.812612247000061 ], [ -92.525298790999955, 27.813175553000065 ], [ -92.544556863999958, 27.815957608000076 ], [ -92.556581095999945, 27.817285994000031 ], [ -92.569641698999988, 27.81819329700005 ], [ -92.577006812999969, 27.818500217000064 ], [ -92.602914141999975, 27.818906200000072 ], [ -92.613926449999951, 27.819285510000043 ], [ -92.624734608999972, 27.820225338000057 ], [ -92.630196489999946, 27.820972898000036 ], [ -92.635603438999965, 27.821899131000066 ], [ -92.640909115999989, 27.823011783000027 ], [ -92.646533579999982, 27.824449015000027 ], [ -92.651976831999946, 27.826126917000067 ], [ -92.659035242999948, 27.828809772000056 ], [ -92.665567965999969, 27.831966095000041 ], [ -92.670629365999957, 27.835008715000072 ], [ -92.675284764999958, 27.838221384000065 ], [ -92.684009528999979, 27.844606803000033 ], [ -92.688930097999958, 27.847465336000027 ], [ -92.693972932999941, 27.849031036000042 ], [ -92.698793266999985, 27.848963823000076 ], [ -92.703690253, 27.847576901000025 ], [ -92.708010094999963, 27.845389993000026 ], [ -92.71221271099995, 27.842463176000024 ], [ -92.716238934999978, 27.838921877000075 ], [ -92.719677088999958, 27.835254034000059 ], [ -92.724305373999982, 27.829012222000074 ], [ -92.728523852999956, 27.822041179000053 ], [ -92.736096027999963, 27.807990803000052 ], [ -92.742135339999948, 27.797293414000023 ], [ -92.745352545999936, 27.79195951500003 ], [ -92.750713530999974, 27.783629527000073 ], [ -92.754328687999987, 27.778421104000074 ], [ -92.75995837399995, 27.770996104000062 ], [ -92.765896513999962, 27.763989653000067 ], [ -92.770124700999986, 27.759316143000035 ], [ -92.7776472, 27.751292725000042 ], [ -92.786609784999939, 27.742083012000023 ], [ -92.791200281999977, 27.737710440000058 ], [ -92.796488324999984, 27.733117775000039 ], [ -92.801595074999966, 27.729160101000048 ], [ -92.806798629999946, 27.72552852900003 ], [ -92.812459934999936, 27.721957129000032 ], [ -92.818321315999981, 27.718637141000045 ], [ -92.824180263999949, 27.715925421000065 ], [ -92.830131434999942, 27.714085637000039 ], [ -92.831960186999936, 27.713746831000037 ], [ -92.838365905999979, 27.713351686000067 ], [ -92.844983068999966, 27.713767138000037 ], [ -92.858947103999981, 27.715165318000061 ], [ -92.866256936999946, 27.71533609200003 ], [ -92.873925053999983, 27.714705231000039 ], [ -92.881623080999987, 27.713258542000062 ], [ -92.890029455, 27.710771710000074 ], [ -92.897678434999989, 27.707638248000023 ], [ -92.904735040999981, 27.703922007000074 ], [ -92.908907375999945, 27.701354815000059 ], [ -92.912988575999975, 27.698598209000068 ], [ -92.918656876999989, 27.694399357000066 ], [ -92.924161625999943, 27.689926942000056 ], [ -92.929396169999961, 27.685330402000034 ], [ -92.938365179999948, 27.676904426000078 ], [ -92.95467782999998, 27.661126620000061 ], [ -92.96039015599996, 27.656027074000065 ], [ -92.967027671999972, 27.650737379000077 ], [ -92.974058671999956, 27.645945056000073 ], [ -92.980553021999981, 27.642259414000023 ], [ -92.987941256999989, 27.638769198000034 ], [ -92.995605866999938, 27.635661452000079 ], [ -93.003459519999979, 27.632785498000032 ], [ -93.039959588999977, 27.620431691000078 ], [ -93.076626017999956, 27.607268875000045 ], [ -93.093020821999971, 27.601958517000071 ], [ -93.147129801999938, 27.584950784000057 ], [ -93.154922409999983, 27.582781440000076 ], [ -93.162782298999957, 27.580862914000079 ], [ -93.17372912899998, 27.578691045000028 ], [ -93.182081237999967, 27.577482651000025 ], [ -93.188940567999964, 27.576815319000048 ], [ -93.195832010999936, 27.576422229000059 ], [ -93.209164983999983, 27.576297057000033 ], [ -93.216762593999988, 27.576520094000045 ], [ -93.225284027999976, 27.577019538000059 ], [ -93.23380840699997, 27.577744507000034 ], [ -93.24316070499998, 27.578756892000058 ], [ -93.25876296499996, 27.580926178000027 ], [ -93.274798651999959, 27.583739052000055 ], [ -93.28684925999994, 27.58613407200005 ], [ -93.312771425999983, 27.591772759000037 ], [ -93.322384022999984, 27.593702302000054 ], [ -93.331136948999983, 27.59516928000005 ], [ -93.338614420999988, 27.596187454000074 ], [ -93.346103383999946, 27.596997677000047 ], [ -93.353591823999977, 27.597592634000023 ], [ -93.360448911, 27.597941752000054 ], [ -93.368562406999956, 27.59814005100003 ], [ -93.376638706999984, 27.598037625000075 ], [ -93.38466466899996, 27.597516450000057 ], [ -93.391767865999952, 27.596605021000073 ], [ -93.396482932999959, 27.595760168000027 ], [ -93.407055045999982, 27.593356698000036 ], [ -93.433674572999962, 27.586301483000057 ], [ -93.444181082999989, 27.583737434000057 ], [ -93.456381922999981, 27.581276798000033 ], [ -93.46345992, 27.580242343000066 ], [ -93.471099766999941, 27.579541478000067 ], [ -93.478698305999956, 27.579303281000023 ], [ -93.482039761999943, 27.579355596000028 ], [ -93.489276419999953, 27.579853698000079 ], [ -93.496376078999958, 27.580949581000027 ], [ -93.503442328999938, 27.582757917000038 ], [ -93.510307749999981, 27.585196986000028 ], [ -93.51706399699998, 27.588228581000067 ], [ -93.523619479999979, 27.591715493000038 ], [ -93.532235134999951, 27.597033312000065 ], [ -93.555982183999959, 27.613781866000068 ], [ -93.560288499999956, 27.616546191000054 ], [ -93.565714004999961, 27.619768549000071 ], [ -93.571289137999941, 27.622735727000077 ], [ -93.579101953999952, 27.626291715000036 ], [ -93.601161292999961, 27.635001658000078 ], [ -93.610511622999979, 27.639175092000073 ], [ -93.624002210999947, 27.645872059000055 ], [ -93.637124615999937, 27.65276622500005 ], [ -93.66008058999995, 27.665954355000054 ], [ -93.668497489999936, 27.670588122000026 ], [ -93.675515612999959, 27.674014322000062 ], [ -93.683702377999964, 27.677416425000047 ], [ -93.692077880999989, 27.68024785800003 ], [ -93.701160424999955, 27.682548803000032 ], [ -93.709670542999959, 27.683896356000048 ], [ -93.717401391999942, 27.684402800000043 ], [ -93.725210946999937, 27.684433957000067 ], [ -93.744696765999947, 27.68390869600006 ], [ -93.771301944999948, 27.683919844000059 ], [ -93.779546761999939, 27.683674150000058 ], [ -93.787223332999986, 27.683163161000039 ], [ -93.794813426999951, 27.682414722000033 ], [ -93.806039661999989, 27.680902537000065 ], [ -93.824130067999988, 27.678001830000028 ], [ -93.830245423999941, 27.67718344900004 ], [ -93.836052766999956, 27.676782049000053 ], [ -93.841538109999988, 27.677069595000034 ], [ -93.844030815999986, 27.677534609000077 ], [ -93.846968631999971, 27.678450593000036 ], [ -93.849658012999953, 27.679673121000064 ], [ -93.854490277999957, 27.682751293000024 ], [ -93.859131826999942, 27.686587969000072 ], [ -93.863749702999939, 27.690926231000049 ], [ -93.879628133999972, 27.706679909000059 ], [ -93.884905793999962, 27.711798634000047 ], [ -93.890884288999985, 27.717271491000076 ], [ -93.89710512299996, 27.722215823000056 ], [ -93.903128358999936, 27.726008334000028 ], [ -93.90942443299997, 27.72896251800006 ], [ -93.916171304999978, 27.730960372000027 ], [ -93.920853660999967, 27.73154943000003 ], [ -93.925442719999978, 27.731476289000057 ], [ -93.931111226999974, 27.730668641000079 ], [ -93.938864240999976, 27.72871624000004 ], [ -93.946677069999964, 27.726107702000036 ], [ -93.954299629, 27.723180335000052 ], [ -93.961345928999947, 27.720254582000052 ], [ -93.979482974999939, 27.712269440000057 ], [ -93.984929326999975, 27.710581977000061 ], [ -93.989485934999948, 27.710254999000028 ], [ -93.993252621999943, 27.711242545000061 ], [ -93.994350294999947, 27.711730214000056 ], [ -93.998643783999967, 27.714289931000053 ], [ -94.002980983999976, 27.717714325000031 ], [ -94.008576308999977, 27.72305256900006 ], [ -94.01909789399997, 27.734204727000076 ], [ -94.022272703999988, 27.737320152000052 ], [ -94.026547181999945, 27.741001503000064 ], [ -94.031138443999964, 27.744086381000045 ], [ -94.036237254999946, 27.746406844000035 ], [ -94.04165222499995, 27.747876457000075 ], [ -94.045312598999942, 27.748381661000053 ], [ -94.050788090999959, 27.748452488000055 ], [ -94.056196713999952, 27.747666069000047 ], [ -94.062517572, 27.745578562000048 ], [ -94.082148239999981, 27.736168740000039 ], [ -94.089213117999975, 27.733406087000049 ], [ -94.093622990999961, 27.732005183000069 ], [ -94.098158257999955, 27.730831193000029 ], [ -94.103077470999949, 27.729847286000052 ], [ -94.108100621999938, 27.729068931000029 ], [ -94.115058247999968, 27.728216968000027 ], [ -94.131029520999959, 27.726588015000061 ], [ -94.139266198999962, 27.725553740000066 ], [ -94.145417423999959, 27.724602687000072 ], [ -94.151473646999989, 27.723428222000052 ], [ -94.157392417999972, 27.721935828000028 ], [ -94.163306001999956, 27.719973937000077 ], [ -94.168844112999977, 27.717644841000038 ], [ -94.174151625999968, 27.714970648000076 ], [ -94.179221977999987, 27.71202394900007 ], [ -94.192579848999969, 27.703274739000051 ], [ -94.196404310999981, 27.701004634000071 ], [ -94.200299326999982, 27.698924896000051 ], [ -94.204987296999946, 27.69674993700005 ], [ -94.209696018999978, 27.694947991000049 ], [ -94.214367360999972, 27.693547728000055 ], [ -94.218443742999966, 27.692659209000055 ], [ -94.222366164999983, 27.692108302000065 ], [ -94.227408118999961, 27.69194281800003 ], [ -94.231914763999953, 27.692699241000071 ], [ -94.235754273999987, 27.694605876000026 ], [ -94.238795624999966, 27.697559282000043 ], [ -94.240625487999978, 27.700714876000063 ], [ -94.241769760999944, 27.704368729000066 ], [ -94.242229605999967, 27.708864815000027 ], [ -94.24192097599996, 27.713694442000076 ], [ -94.241016140999989, 27.718411442000047 ], [ -94.23960670699995, 27.723228824000046 ], [ -94.237772313999983, 27.728071009000075 ], [ -94.235552925999968, 27.732900964000066 ], [ -94.233957677999967, 27.735909989000049 ], [ -94.231680719999986, 27.739706901000034 ], [ -94.222950804999982, 27.752371774000039 ], [ -94.219756780999944, 27.757640183000035 ], [ -94.217810171999986, 27.762106713000037 ], [ -94.217029172999958, 27.766365371000063 ], [ -94.217110586, 27.76786706200005 ], [ -94.217469899999969, 27.76950006900006 ], [ -94.218073920999984, 27.771001092000063 ], [ -94.220820149999952, 27.774779609000063 ], [ -94.224905319999948, 27.778202502000056 ], [ -94.230022906999977, 27.781302641000025 ], [ -94.234250456999973, 27.78335179100003 ], [ -94.238839867999957, 27.785191955000073 ], [ -94.245721395999965, 27.787335738000024 ], [ -94.253057419999948, 27.789014425000062 ], [ -94.256051185999979, 27.789551398000071 ], [ -94.263458052999965, 27.790532404000032 ], [ -94.271036376999973, 27.791019392000067 ], [ -94.278275005999944, 27.790981195000029 ], [ -94.285544862999984, 27.790501076000055 ], [ -94.290240408999978, 27.789976427000056 ], [ -94.297789114999944, 27.78878768900006 ], [ -94.305208324999967, 27.787185136000062 ], [ -94.311621041999956, 27.785411529000044 ], [ -94.317829696999979, 27.783309101000043 ], [ -94.323364750999986, 27.781057903000033 ], [ -94.328625654999939, 27.778506315000072 ], [ -94.332469152999977, 27.776311265000061 ], [ -94.336078317999977, 27.773904314000049 ], [ -94.339440860999957, 27.771247807000066 ], [ -94.344307460999971, 27.766353423000055 ], [ -94.34886531899997, 27.759751226000049 ], [ -94.352532529999962, 27.751619159000029 ], [ -94.354661757999963, 27.743924182000057 ], [ -94.355838944999959, 27.736033727000063 ], [ -94.356217126999979, 27.729152389000035 ], [ -94.356450970999958, 27.71683743400007 ], [ -94.35686795099997, 27.711512934000041 ], [ -94.357506353999952, 27.707703078000065 ], [ -94.358540003999963, 27.704089049000061 ], [ -94.36081248399995, 27.699395075000041 ], [ -94.363973964999957, 27.695255513000063 ], [ -94.367937988999984, 27.691777020000075 ], [ -94.373477368999943, 27.688705697000046 ], [ -94.379816447999985, 27.686787584000058 ], [ -94.387080272999981, 27.686062798000023 ], [ -94.394843929, 27.686375123000062 ], [ -94.40322968299995, 27.687484105000067 ], [ -94.411488782999982, 27.689077558000065 ], [ -94.421709242999952, 27.691530440000065 ], [ -94.429934885999955, 27.693867684000054 ], [ -94.447687744999939, 27.699309104000065 ], [ -94.456357073999982, 27.701794772000028 ], [ -94.465047263999963, 27.704023555000049 ], [ -94.473726203999945, 27.705894748000048 ], [ -94.482324797999979, 27.707273401000066 ], [ -94.488610307999977, 27.707885783000052 ], [ -94.494829557999935, 27.708115631000055 ], [ -94.50017881499997, 27.707990222000035 ], [ -94.505433511999968, 27.707599080000023 ], [ -94.510345552999979, 27.707000608000044 ], [ -94.515137613999968, 27.706123166000054 ], [ -94.519562997999969, 27.704984542000034 ], [ -94.523892296999975, 27.703607599000065 ], [ -94.536299972999984, 27.699198466000041 ], [ -94.542532603999973, 27.697173546000045 ], [ -94.548888127999987, 27.695323913000038 ], [ -94.555565232999982, 27.693662457000073 ], [ -94.561035642999968, 27.692535643000042 ], [ -94.56646143599994, 27.691658475000054 ], [ -94.571499013999983, 27.691091068000048 ], [ -94.57640115199996, 27.690769443000079 ], [ -94.58185711699997, 27.690723544000036 ], [ -94.587007491999941, 27.691192258000058 ], [ -94.592157658999952, 27.692474464000043 ], [ -94.596725170999946, 27.69457768500007 ], [ -94.600444731999971, 27.697378550000053 ], [ -94.603344495999977, 27.700829689000045 ], [ -94.605292726999949, 27.704837186000077 ], [ -94.606090975999962, 27.708430618000023 ], [ -94.60625466099998, 27.712274366000031 ], [ -94.605745884999976, 27.717019102000052 ], [ -94.604567463999956, 27.72193522300006 ], [ -94.602389142999982, 27.727890900000034 ], [ -94.599460988999965, 27.73386199600003 ], [ -94.596764676999953, 27.738374036000039 ], [ -94.593721924999954, 27.742802691000065 ], [ -94.589063937999981, 27.748688003000041 ], [ -94.583941612999979, 27.754286096000044 ], [ -94.567469237999944, 27.770084712000028 ], [ -94.563257178999947, 27.774711382000078 ], [ -94.56110371799997, 27.777430151000033 ], [ -94.558546084999989, 27.781150928000045 ], [ -94.556139166999969, 27.785584802000074 ], [ -94.554566671999964, 27.789904066000076 ], [ -94.553979613999957, 27.794005796000079 ], [ -94.554347630999985, 27.797096473000067 ], [ -94.55554142699998, 27.799876255000072 ], [ -94.559370352999963, 27.803640410000071 ], [ -94.562034979999964, 27.805149503000052 ], [ -94.568235115999983, 27.807435456000064 ], [ -94.575531649999959, 27.80905232200007 ], [ -94.583620067999959, 27.810112699000058 ], [ -94.591260838999972, 27.810648183000069 ], [ -94.600011117999941, 27.810884662000035 ], [ -94.609015476999957, 27.810803382000074 ], [ -94.618174130999989, 27.810414842000057 ], [ -94.625130892999948, 27.80991206300007 ], [ -94.633215911999969, 27.80910816200003 ], [ -94.641279509999947, 27.808066334000046 ], [ -94.649281956999971, 27.806768015000046 ], [ -94.658150635999959, 27.804956287000039 ], [ -94.666809705999981, 27.80273863900004 ], [ -94.675252130999979, 27.800180369000032 ], [ -94.68344005299997, 27.797353994000048 ], [ -94.69232072799997, 27.793864269000039 ], [ -94.699807160999967, 27.790409028000056 ], [ -94.706649726999956, 27.786596290000034 ], [ -94.708736980999959, 27.785245466000049 ], [ -94.714318659999947, 27.780967352000062 ], [ -94.718785878999938, 27.776280506000035 ], [ -94.721056717999943, 27.772779050000054 ], [ -94.72269423299997, 27.768340028000068 ], [ -94.72319822999998, 27.763743476000059 ], [ -94.722835311999972, 27.758892940000067 ], [ -94.721470658999976, 27.751888547000078 ], [ -94.718536339999957, 27.739570084000036 ], [ -94.717561219999936, 27.734519258000034 ], [ -94.716622456999971, 27.727005505000079 ], [ -94.716476752999938, 27.719636679000075 ], [ -94.717348768999955, 27.712976989000026 ], [ -94.719525396999984, 27.70723236200007 ], [ -94.722147482999958, 27.703788495000026 ], [ -94.72552830799998, 27.701149690000079 ], [ -94.728306176, 27.699823448000075 ], [ -94.731348696999987, 27.699002373000042 ], [ -94.734630253999967, 27.698717197000065 ], [ -94.738102487999981, 27.698906974000067 ], [ -94.743792866999968, 27.699969968000062 ], [ -94.749709511, 27.701811786000064 ], [ -94.755713373999981, 27.704305011000031 ], [ -94.758283333999941, 27.705545169000061 ], [ -94.772801974999936, 27.713528359000065 ], [ -94.779292405999968, 27.716898937000053 ], [ -94.783757993999984, 27.718921482000042 ], [ -94.788370910999959, 27.720795577000047 ], [ -94.794022438999946, 27.722861911000052 ], [ -94.799826595999946, 27.724724618000039 ], [ -94.804962134999982, 27.726144803000068 ], [ -94.813690133999955, 27.728103462000036 ], [ -94.822598417999984, 27.729607928000064 ], [ -94.831626753999956, 27.730696322000028 ], [ -94.843714231999968, 27.731536082000048 ], [ -94.851478088999954, 27.731769019000069 ], [ -94.859226948999947, 27.731795973000033 ], [ -94.868471492999959, 27.731578114000058 ], [ -94.886712177999982, 27.730793513000037 ], [ -94.894434091999983, 27.73072978700003 ], [ -94.90299380099998, 27.731195314000047 ], [ -94.911009384999943, 27.73236212200004 ], [ -94.918100047999985, 27.734048805000043 ], [ -94.924855640999965, 27.736302248000072 ], [ -94.931186854999964, 27.739131445000055 ], [ -94.934335331999989, 27.740877673000057 ], [ -94.93630325099997, 27.742114609000055 ], [ -94.941895151999972, 27.746288855000046 ], [ -94.950668241999949, 27.75403854800004 ], [ -94.955266263999988, 27.757803480000064 ], [ -94.961339902999953, 27.761899831000051 ], [ -94.967985528999975, 27.765613205000079 ], [ -94.975062366999964, 27.769034241000043 ], [ -94.985446543999956, 27.773388287000046 ], [ -94.993180044999974, 27.776173543000027 ], [ -95.001123930999938, 27.778625945000044 ], [ -95.009849645999964, 27.780846927000027 ], [ -95.016311473999963, 27.782248461000052 ], [ -95.022828499999946, 27.783459300000061 ], [ -95.029287159999967, 27.784428519000073 ], [ -95.036927610999953, 27.785205831000042 ], [ -95.044611996999947, 27.785533114000032 ], [ -95.052360696999983, 27.785367025000028 ], [ -95.060121179999953, 27.784768922000069 ], [ -95.072291874999962, 27.783153138000046 ], [ -95.07945652799998, 27.781907065000041 ], [ -95.088431714999956, 27.78011692900003 ], [ -95.106188428999985, 27.776322149000066 ], [ -95.115117358999953, 27.774567534000028 ], [ -95.123740890999954, 27.773118690000047 ], [ -95.131641596999941, 27.77199235300003 ], [ -95.147534168999982, 27.770195292000039 ], [ -95.17252732999998, 27.76809496900006 ], [ -95.188915007, 27.766549402000066 ], [ -95.205273062999936, 27.764416022000034 ], [ -95.220271345999947, 27.761846388000038 ], [ -95.236632327999985, 27.75823299800004 ], [ -95.24888402299996, 27.75502700100003 ], [ -95.255585309999958, 27.753111745000069 ], [ -95.269109615, 27.748952833000033 ], [ -95.28166932, 27.744789924000031 ], [ -95.313625620999971, 27.733510630000069 ], [ -95.32743534399998, 27.728930683000044 ], [ -95.338877534999938, 27.725809231000028 ], [ -95.347647520999942, 27.723780856000076 ], [ -95.36168863599994, 27.721105901000044 ], [ -95.378590048999968, 27.718479596000066 ], [ -95.425527237999972, 27.712280307000071 ], [ -95.441206374999979, 27.710064284000055 ], [ -95.45851070599997, 27.707149 ], [ -95.466152399999942, 27.70557136900004 ], [ -95.47170073999996, 27.704267088000051 ], [ -95.479178260999959, 27.702286770000057 ], [ -95.486555080999949, 27.700066137000078 ], [ -95.49381373999995, 27.697587891000069 ], [ -95.501030321999963, 27.694809467000027 ], [ -95.52174002299995, 27.685973094000076 ], [ -95.530064339999967, 27.682567636000044 ], [ -95.53848177499998, 27.679465730000061 ], [ -95.545876697999972, 27.677129829000023 ], [ -95.554599308999968, 27.674908498000036 ], [ -95.563419714999952, 27.673266059000071 ], [ -95.573340754999947, 27.672203370000034 ], [ -95.582229559999973, 27.671968425000045 ], [ -95.607614052999963, 27.672461833000057 ], [ -95.616665761999968, 27.672073632000036 ], [ -95.623859644999982, 27.671302942000068 ], [ -95.630882295999982, 27.670040786000072 ], [ -95.639139589999957, 27.667676480000068 ], [ -95.644902356999978, 27.665268921000063 ], [ -95.651516780999941, 27.661666614000069 ], [ -95.658193519999941, 27.657226361000028 ], [ -95.664662220999958, 27.652340577000075 ], [ -95.683884823999961, 27.636889531000065 ], [ -95.693487035999965, 27.630061226000066 ], [ -95.69898920299994, 27.626507153000034 ], [ -95.704633385999955, 27.623103233000052 ], [ -95.714764968999987, 27.617540138000038 ], [ -95.728006181999945, 27.611019942000041 ], [ -95.747904666999943, 27.601658967000049 ], [ -95.757877884999971, 27.596598791000076 ], [ -95.763302809999971, 27.593592781000041 ], [ -95.768952690999981, 27.590175027000043 ], [ -95.774378987999967, 27.586537399000065 ], [ -95.780001815999981, 27.582279149000044 ], [ -95.786338859999944, 27.576667914000041 ], [ -95.792082454999957, 27.570596291000072 ], [ -95.796835992999945, 27.564572288000079 ], [ -95.801052039999945, 27.558217225000078 ], [ -95.803564951999988, 27.553842109000072 ], [ -95.805890965999936, 27.549370426000053 ], [ -95.816645042999937, 27.526546848000066 ], [ -95.81840800599997, 27.523205421000057 ], [ -95.822165824999956, 27.516760873000067 ], [ -95.826752325999962, 27.509939952000025 ], [ -95.831742289999966, 27.50341848000005 ], [ -95.835856271999944, 27.498590953000075 ], [ -95.840244747999975, 27.494021939000049 ], [ -95.84449929799996, 27.490174122000042 ], [ -95.849024736, 27.48661144700003 ], [ -95.852716971999939, 27.484049089000052 ], [ -95.856549412999982, 27.481669468000064 ], [ -95.862611267999966, 27.478370101000053 ], [ -95.879289631999939, 27.470197477000056 ], [ -95.885180743999967, 27.466934384000069 ], [ -95.890170982999962, 27.463786153000058 ], [ -95.894988581999939, 27.460372032000066 ], [ -95.89989014799994, 27.456505145000051 ], [ -95.90462181099997, 27.452409684000031 ], [ -95.913121437999962, 27.44425237400003 ], [ -95.935997702999941, 27.420260218000067 ], [ -95.947812760999966, 27.408384900000044 ], [ -95.959625052999968, 27.397333833000062 ], [ -95.989089485999955, 27.371212455000034 ], [ -96.007966409999938, 27.353806774000077 ], [ -96.089658730999986, 27.275748673000066 ], [ -96.105136061999985, 27.260575620000054 ], [ -96.12172097399997, 27.243677689000037 ], [ -96.134707173999971, 27.229861496000069 ], [ -96.144874062999975, 27.218726953000044 ], [ -96.157548275999943, 27.204576477000046 ], [ -96.169436182999959, 27.190940423000029 ], [ -96.177445458999955, 27.181256766000047 ], [ -96.183710131999987, 27.173297842000068 ], [ -96.19266405999997, 27.161306803000059 ], [ -96.200614984999959, 27.150003991000062 ], [ -96.208503943999972, 27.138066495000032 ], [ -96.217445674999965, 27.123525956000037 ], [ -96.224739092999982, 27.110978451000051 ], [ -96.24362932799994, 27.077671616000032 ], [ -96.249058849999983, 27.068654826000056 ], [ -96.256105122999941, 27.057523307000054 ], [ -96.264187150999987, 27.045331354000041 ], [ -96.27239994599995, 27.033461207000073 ], [ -96.293631967999943, 27.004284760000075 ], [ -96.303476012999965, 26.990471056000047 ], [ -96.310113121999962, 26.980589133000024 ], [ -96.313645234999967, 26.97499623300007 ], [ -96.317025654999952, 26.969340105000072 ], [ -96.321077115999969, 26.962030933000051 ], [ -96.325024311999982, 26.954138256000078 ], [ -96.328594709999948, 26.946123216000046 ], [ -96.330665843999952, 26.940942910000047 ], [ -96.333148079999944, 26.933941540000035 ], [ -96.335247382999967, 26.926850208000076 ], [ -96.336837874999958, 26.920045593000054 ], [ -96.338188536999951, 26.912553986000034 ], [ -96.339206304999948, 26.90499925000006 ], [ -96.340263954999955, 26.892380413000069 ], [ -96.340681544999939, 26.879322571000046 ], [ -96.340737597999976, 26.871447083000078 ], [ -96.340595682999947, 26.84278764000004 ], [ -96.340358787999946, 26.827304536000042 ], [ -96.339915795999957, 26.817016828000078 ], [ -96.339380069999947, 26.809450341000058 ], [ -96.337788071999967, 26.79436643400004 ], [ -96.336755781999955, 26.787111480000078 ], [ -96.335044989999972, 26.777502513000059 ], [ -96.333737415999963, 26.77124113900004 ], [ -96.330726643, 26.758468974000039 ], [ -96.326997358999961, 26.744693472000051 ], [ -96.313247559999979, 26.698742689000028 ], [ -96.310386312, 26.688210388000073 ], [ -96.307708847999947, 26.677355528000078 ], [ -96.305999894999957, 26.669765248000033 ], [ -96.302885254999978, 26.654528473000028 ], [ -96.29341506999998, 26.602820910000048 ], [ -96.287981717999969, 26.575974773000041 ], [ -96.282948963999957, 26.553281551000055 ], [ -96.27164096599995, 26.505493766000029 ], [ -96.267570393999961, 26.486755389000052 ], [ -96.263111353999989, 26.463636689000055 ], [ -96.258401752999987, 26.435230042000057 ], [ -96.256105227999967, 26.419293547000052 ], [ -96.251034222999976, 26.381673576000026 ], [ -96.248903587999962, 26.364892043000054 ], [ -96.247211506999975, 26.349670038000056 ], [ -96.245933844999968, 26.335093359000041 ], [ -96.245107644999962, 26.318107099000031 ], [ -96.245133640999939, 26.304360651000025 ], [ -96.245471466999959, 26.297510560000035 ], [ -96.246033300999954, 26.291170874000045 ], [ -96.247095523999974, 26.283059175000062 ], [ -96.248520185999951, 26.274995521000051 ], [ -96.250316620999968, 26.266995044000055 ], [ -96.252193180999939, 26.26010343300004 ], [ -96.254065774999958, 26.254053918000068 ], [ -96.262248797999973, 26.229551061000052 ], [ -96.263952227999937, 26.223639139000056 ], [ -96.265560588999961, 26.216936959000066 ], [ -96.266764507999937, 26.210460933000036 ], [ -96.267596082999944, 26.203976194000063 ], [ -96.268001135999953, 26.197496618000059 ], [ -96.267903511999975, 26.191036669000027 ], [ -96.267599685999983, 26.187479377000045 ], [ -96.266446277999989, 26.18021604300003 ], [ -96.264717784999959, 26.172992651000072 ], [ -96.262553344999958, 26.165805055000078 ], [ -96.260549672999957, 26.159971384000073 ], [ -96.25101529799997, 26.134382409000068 ], [ -96.248494669999957, 26.12646436700004 ], [ -96.246370786999989, 26.117910347000077 ], [ -96.245142148999946, 26.110222315000044 ], [ -96.24446143199998, 26.102461169000037 ], [ -96.244194805999939, 26.094279468000025 ], [ -96.244189417999962, 26.085008879000043 ], [ -96.244613476999973, 26.057623633000048 ], [ -96.244432916999983, 26.048162324000032 ], [ -96.244100626999966, 26.042218585000057 ], [ -96.243587582999965, 26.036598126000058 ], [ -96.242278003999957, 26.027640966000035 ], [ -96.240839800999936, 26.021039949000055 ], [ -96.239429161999965, 26.016287843000043 ], [ -96.238287703999958, 26.013737997000078 ], [ -96.237839698999949, 26.013403227000026 ], [ -96.234581005999985, 26.009966109000061 ], [ -96.375500465999949, 26.009931011000049 ], [ -96.375005721999969, 26.013403227000026 ], [ -96.372194865999973, 26.035515319000069 ], [ -96.365790152999978, 26.080562440000051 ], [ -96.363143569999977, 26.100648999000043 ], [ -96.361106115999974, 26.118946451000056 ], [ -96.358468079999966, 26.147093166000047 ], [ -96.357048843999962, 26.159773635000079 ], [ -96.354150813999979, 26.180152225000029 ], [ -96.348593162999975, 26.213193105000073 ], [ -96.34682171999998, 26.224688592000064 ], [ -96.340635303999989, 26.275889714000073 ], [ -96.336998745999949, 26.30390539900003 ], [ -96.335433877999947, 26.319662645000051 ], [ -96.33474552499996, 26.330038818000048 ], [ -96.33445082999998, 26.341744319000043 ], [ -96.334492816999955, 26.347774870000023 ], [ -96.334927983999989, 26.359430760000066 ], [ -96.335728336999978, 26.369733505000056 ], [ -96.336982791999958, 26.380568200000027 ], [ -96.338903728, 26.392823976000045 ], [ -96.34032005499995, 26.399958082000069 ], [ -96.343340000999945, 26.412283668000043 ], [ -96.345636279999951, 26.42000123400004 ], [ -96.348311798999987, 26.427604557000052 ], [ -96.350066235999975, 26.43194864000003 ], [ -96.353790377999985, 26.44016298400004 ], [ -96.358846109999945, 26.450026269000034 ], [ -96.365756169999941, 26.462295929000049 ], [ -96.370430649999946, 26.47002003700004 ], [ -96.374527834, 26.476422439000032 ], [ -96.381834984999955, 26.487194868000074 ], [ -96.389035360999969, 26.497032454000077 ], [ -96.400016495999978, 26.511605585000041 ], [ -96.408263623999972, 26.522240502000045 ], [ -96.427671004, 26.546227675000068 ], [ -96.445606990999977, 26.568901477000054 ], [ -96.453617819999977, 26.579322461000061 ], [ -96.476837115999956, 26.610170254000025 ], [ -96.496703384999989, 26.635518212000079 ], [ -96.505094008999947, 26.647099389000061 ], [ -96.511033754999971, 26.656087424000077 ], [ -96.51513566999995, 26.662708962000067 ], [ -96.535228823999944, 26.696117070000071 ], [ -96.540764551999985, 26.70573840000003 ], [ -96.546724812999969, 26.717008787000054 ], [ -96.549639046999971, 26.723001707000037 ], [ -96.552232578999963, 26.728656835000038 ], [ -96.557134207999979, 26.740078527000037 ], [ -96.561785759999964, 26.751658882000072 ], [ -96.567279356999961, 26.766527781000036 ], [ -96.57182123399997, 26.780298513000048 ], [ -96.57379022899994, 26.786977677000039 ], [ -96.577273653999953, 26.800668999000038 ], [ -96.579223677999948, 26.810016024000049 ], [ -96.581248522999942, 26.822093409000047 ], [ -96.582308455999964, 26.830588435000038 ], [ -96.583384278999972, 26.842647488000068 ], [ -96.584285813999941, 26.857093829000064 ], [ -96.587044421999963, 26.915266140000028 ], [ -96.587531776, 26.931220129000053 ], [ -96.58743140699994, 26.945022929000061 ], [ -96.586757894999948, 26.958796260000042 ], [ -96.585949983999967, 26.967613904000075 ], [ -96.584020303999978, 26.982302826000023 ], [ -96.581275589999962, 26.99776078900004 ], [ -96.574001597999938, 27.033170021000046 ], [ -96.568753079999965, 27.06138489600005 ], [ -96.566392123999947, 27.07275338900007 ], [ -96.563357871999983, 27.085343573000046 ], [ -96.559129764999966, 27.100842352000029 ], [ -96.554628750999939, 27.116118465000056 ], [ -96.549632223999936, 27.131902921000062 ], [ -96.544847952999987, 27.145559193000054 ], [ -96.537281517999986, 27.165520009000033 ], [ -96.510745991999954, 27.233477822000054 ], [ -96.503485385999966, 27.251005176000035 ], [ -96.495311405999985, 27.269653428000026 ], [ -96.489170089999959, 27.282471018000024 ], [ -96.485316645999944, 27.28984723700006 ], [ -96.481026279, 27.29750702900003 ], [ -96.473839522999981, 27.309166403000063 ], [ -96.46675750299994, 27.319424112000036 ], [ -96.462243481999963, 27.325502071000074 ], [ -96.447401110999976, 27.344620051000049 ], [ -96.442480271999955, 27.351314045000038 ], [ -96.437670380999975, 27.358437326000058 ], [ -96.433113195999965, 27.365702232000046 ], [ -96.422230113999944, 27.383816172000024 ], [ -96.415989059999958, 27.39365127800005 ], [ -96.39529704399996, 27.425247341000045 ], [ -96.386224657999946, 27.438281672000073 ], [ -96.369646741999986, 27.460533286000043 ], [ -96.356326063999973, 27.477863392000074 ], [ -96.352081933999955, 27.483048092000047 ], [ -96.347682876999954, 27.488117106000061 ], [ -96.34353946799996, 27.492570168000043 ], [ -96.33737204, 27.498746271000073 ], [ -96.317812722999975, 27.517249658000026 ], [ -96.310399181999969, 27.524584023000045 ], [ -96.303199527999936, 27.53214433900007 ], [ -96.282897829999968, 27.554338847000054 ], [ -96.274321501999964, 27.563213255000051 ], [ -96.263657429999967, 27.573370019000038 ], [ -96.258142240999973, 27.578293948000066 ], [ -96.246781962999989, 27.587812725000049 ], [ -96.23773732899997, 27.594846904000065 ], [ -96.224838807999959, 27.604217876000064 ], [ -96.192506317999971, 27.626971663000063 ], [ -96.176832685999955, 27.637429876000056 ], [ -96.169398415999979, 27.64201987000007 ], [ -96.162096061999989, 27.646277045000033 ], [ -96.154676618999986, 27.650368705000062 ], [ -96.143740681999986, 27.655995971000038 ], [ -96.131190467999943, 27.661876480000046 ], [ -96.122749441999986, 27.665494196000054 ], [ -96.105764465999982, 27.672229479000066 ], [ -96.086760729, 27.679329559000053 ], [ -96.072405580999941, 27.684365104000051 ], [ -96.059314832999974, 27.688567316000047 ], [ -96.047282278999944, 27.692019616000039 ], [ -96.033336101999964, 27.695468737000056 ], [ -96.026608041999964, 27.696902934000036 ], [ -96.011746298999981, 27.699557193000032 ], [ -95.964584848999948, 27.706752377000043 ], [ -95.934595827999942, 27.711223830000051 ], [ -95.916820848999976, 27.713501463000057 ], [ -95.903852052, 27.714878555000041 ], [ -95.888533461999941, 27.716059507000068 ], [ -95.872295323999936, 27.716793908000056 ], [ -95.845264763999978, 27.717725058000042 ], [ -95.826763925999956, 27.718774651000047 ], [ -95.81852054999996, 27.71947087500007 ], [ -95.810736072999987, 27.720306595000068 ], [ -95.802978059999987, 27.721296589000076 ], [ -95.790786985999944, 27.723133349000079 ], [ -95.778438233999964, 27.725346004000073 ], [ -95.76484222199997, 27.728161244000034 ], [ -95.756307383999967, 27.730164860000059 ], [ -95.749032291999981, 27.732075491000046 ], [ -95.731061007999983, 27.737436093000042 ], [ -95.701053638999952, 27.74742722600007 ], [ -95.685175265999987, 27.752414526000052 ], [ -95.671693472999948, 27.756092482000042 ], [ -95.659114486999954, 27.758955008000044 ], [ -95.642114412999945, 27.762015351000059 ], [ -95.62767053999994, 27.764032233000023 ], [ -95.593150472, 27.767701195000029 ], [ -95.583723026999962, 27.768774988000075 ], [ -95.572463951999964, 27.770257672000071 ], [ -95.561228061999941, 27.772092746000055 ], [ -95.551894815999958, 27.774020174000043 ], [ -95.546646085999953, 27.775315156000033 ], [ -95.537406027999964, 27.77794556300006 ], [ -95.528375401999938, 27.780876937000073 ], [ -95.522066005999989, 27.783109558000035 ], [ -95.509130339999956, 27.788171682000041 ], [ -95.50252183799995, 27.791013838000026 ], [ -95.491890955999963, 27.795889247000048 ], [ -95.476108841999974, 27.803495013000031 ], [ -95.46834783099996, 27.807502290000059 ], [ -95.46027640799997, 27.811960508000027 ], [ -95.438634862999947, 27.824549998000066 ], [ -95.423783502, 27.832964768000068 ], [ -95.412175932999958, 27.839055752000036 ], [ -95.377011162999963, 27.856975960000057 ], [ -95.361271648999946, 27.864588853000043 ], [ -95.330328392999945, 27.878801957000064 ], [ -95.305423701999985, 27.890835140000036 ], [ -95.297818528999983, 27.89428119300004 ], [ -95.290107456999976, 27.89751423000007 ], [ -95.28126782399994, 27.900836001000073 ], [ -95.273603015999981, 27.903367200000048 ], [ -95.265835054999968, 27.905641565000053 ], [ -95.255416294999975, 27.908290563000037 ], [ -95.245525739999948, 27.910426694000023 ], [ -95.220390848999955, 27.915451862000054 ], [ -95.185452833999989, 27.923632991000034 ], [ -95.158514284999967, 27.929438308000044 ], [ -95.13194002299997, 27.934614895000038 ], [ -95.107373551999956, 27.938893150000069 ], [ -95.084120170999938, 27.942255918000058 ], [ -95.069316643999969, 27.943948165000052 ], [ -95.021166842999946, 27.94837422300003 ], [ -95.009634133999953, 27.949285214000042 ], [ -94.996927510999967, 27.950006053000038 ], [ -94.978449396999963, 27.950674941000045 ], [ -94.943457396999975, 27.951535616000058 ], [ -94.910582704999968, 27.952534848000028 ], [ -94.873618724999972, 27.953202023000074 ], [ -94.857172382999977, 27.954094406000024 ], [ -94.833888117999948, 27.955921180000075 ], [ -94.81692512099994, 27.957068191000076 ], [ -94.804476483999963, 27.957668411000043 ], [ -94.793024410999976, 27.957960164000042 ], [ -94.769544733999965, 27.957919997000033 ], [ -94.72850628499998, 27.956934456000056 ], [ -94.711019349999958, 27.956715562000056 ], [ -94.693405666, 27.956741301000079 ], [ -94.669386063, 27.957024348000061 ], [ -94.658201255999984, 27.956962474000079 ], [ -94.647314178999977, 27.956646601000045 ], [ -94.633047730999976, 27.955934897000077 ], [ -94.600477043999945, 27.953698962000033 ], [ -94.587798926999938, 27.953024916000061 ], [ -94.574613552999949, 27.952727611000057 ], [ -94.565937398999949, 27.952784404000056 ], [ -94.55726963099994, 27.95305568200007 ], [ -94.547700112999962, 27.953637582000056 ], [ -94.540419076999967, 27.954271313000049 ], [ -94.525885459999984, 27.955916128000069 ], [ -94.511863751999954, 27.957858523000027 ], [ -94.482285335999961, 27.962298744000066 ], [ -94.456061704999968, 27.965893545000029 ], [ -94.428432457999975, 27.969522506000033 ], [ -94.411814822999986, 27.971277390000068 ], [ -94.403015393999965, 27.97189790300007 ], [ -94.394735272999981, 27.972288429000059 ], [ -94.376733393999984, 27.972738262000064 ], [ -94.331119347999959, 27.972762621000072 ], [ -94.316660654999964, 27.972653356000023 ], [ -94.301370346999988, 27.972338602000036 ], [ -94.288954040999954, 27.971765636000043 ], [ -94.281547752999984, 27.971207432000028 ], [ -94.271866737999972, 27.970123657000045 ], [ -94.265988533999973, 27.969206404000033 ], [ -94.260193341, 27.968087934000039 ], [ -94.255341740999938, 27.966972504000069 ], [ -94.250574745999984, 27.96568170200004 ], [ -94.244771170999968, 27.963788222000062 ], [ -94.239149274999988, 27.961563298000044 ], [ -94.233038918999966, 27.958632299000044 ], [ -94.227219971999943, 27.955282822000072 ], [ -94.220114241999966, 27.950371816000029 ], [ -94.213431322999952, 27.94501299500007 ], [ -94.202532473999952, 27.935506881000038 ], [ -94.196717346999947, 27.930836310000075 ], [ -94.192710649, 27.928022826000074 ], [ -94.188539514999945, 27.925430879000032 ], [ -94.180972299999951, 27.921514518000038 ], [ -94.172982057999945, 27.918440055000076 ], [ -94.165819546999955, 27.916594355000029 ], [ -94.157872913999938, 27.915405288000045 ], [ -94.15242176199996, 27.914988650000055 ], [ -94.144297837999943, 27.914779742000064 ], [ -94.082938060999936, 27.914668349000067 ], [ -94.05731200699995, 27.915101829000037 ], [ -94.039171927999973, 27.915919732000077 ], [ -94.030121664999967, 27.916518061000033 ], [ -94.020345930999952, 27.917343005000077 ], [ -94.00556413399994, 27.918989784000075 ], [ -93.998212581999951, 27.919993380000051 ], [ -93.985221229, 27.922122367000043 ], [ -93.973865347999947, 27.924405007000075 ], [ -93.967852748999974, 27.925799268000048 ], [ -93.95593202799995, 27.92905066700007 ], [ -93.948688305999951, 27.931354201000033 ], [ -93.941505440999947, 27.933831782000027 ], [ -93.924965617999987, 27.940027039000029 ], [ -93.899932714999977, 27.950078250000047 ], [ -93.891598291999969, 27.953284207000024 ], [ -93.877366698999936, 27.958288560000028 ], [ -93.864889182999946, 27.962230188000035 ], [ -93.849539307999976, 27.966554641000073 ], [ -93.837736872999983, 27.969435110000063 ], [ -93.828674171999978, 27.971288446000074 ], [ -93.819575417999943, 27.97269207100004 ], [ -93.813870403999942, 27.973264011000026 ], [ -93.808401798999967, 27.973560031000034 ], [ -93.801125664999972, 27.973650302000067 ], [ -93.793822870999975, 27.973460178000039 ], [ -93.786508949999984, 27.973036077000074 ], [ -93.765873162999981, 27.971394840000073 ], [ -93.75550143199996, 27.970735648000073 ], [ -93.736526022999954, 27.969924186000071 ], [ -93.722022468999967, 27.969821803000059 ], [ -93.715374877999977, 27.969944271000031 ], [ -93.701652597999953, 27.970623490000037 ], [ -93.694664046999947, 27.971297957000047 ], [ -93.689922433999982, 27.971948280000049 ], [ -93.68331868599995, 27.973197293000055 ], [ -93.677033893999976, 27.974914889000047 ], [ -93.672039427999948, 27.976779694000072 ], [ -93.667283730999941, 27.978929736000055 ], [ -93.654293598999971, 27.985439722000024 ], [ -93.648052313999983, 27.988041186000032 ], [ -93.643308467999987, 27.989442938000025 ], [ -93.63872112699994, 27.990132457000072 ], [ -93.633795486999986, 27.989885849000075 ], [ -93.629432824, 27.988543056000026 ], [ -93.625988360999941, 27.986264357000039 ], [ -93.623429277999946, 27.983194880000042 ], [ -93.62190659099997, 27.979512760000034 ], [ -93.621492240999942, 27.975368380000077 ], [ -93.621803277999959, 27.970793741000023 ], [ -93.622739057999979, 27.961734167000031 ], [ -93.622993765, 27.957490307000057 ], [ -93.623128864999956, 27.951873699000032 ], [ -93.622899097999948, 27.946180351000066 ], [ -93.622237009999935, 27.941007051000042 ], [ -93.621135894999952, 27.935954955000057 ], [ -93.619881865999957, 27.931892154000025 ], [ -93.618299783999987, 27.928051209000046 ], [ -93.615527451999981, 27.92324585800003 ], [ -93.612076287999969, 27.919203638000056 ], [ -93.609030678999943, 27.916795149000052 ], [ -93.605649344999961, 27.915035585000055 ], [ -93.600742191999984, 27.913833039000053 ], [ -93.596226867999974, 27.913850406000051 ], [ -93.590291940999975, 27.915120235000074 ], [ -93.584513972999957, 27.917625256000065 ], [ -93.578939314999957, 27.921458095000048 ], [ -93.575464167999939, 27.92478565600004 ], [ -93.572230914999977, 27.928926959000023 ], [ -93.569601259999956, 27.93348274300007 ], [ -93.567601669999988, 27.938322879000054 ], [ -93.566562634999968, 27.94200210200006 ], [ -93.565930113999968, 27.945733319000055 ], [ -93.565778247999958, 27.950882034000074 ], [ -93.566442022, 27.955924499000048 ], [ -93.56780164099996, 27.960567303000062 ], [ -93.569683790999989, 27.964931399000079 ], [ -93.571882463999941, 27.968953421000037 ], [ -93.576181915999939, 27.975707901000078 ], [ -93.57793107599997, 27.979157686000065 ], [ -93.578426997999941, 27.982363004000035 ], [ -93.577440422999985, 27.985058819000074 ], [ -93.575210543999958, 27.987554282000076 ], [ -93.571918559999972, 27.98975471600005 ], [ -93.568403657999966, 27.991335253000045 ], [ -93.56434244999997, 27.99269438500005 ], [ -93.559474058999967, 27.99397728100007 ], [ -93.554194819999964, 27.995122618000039 ], [ -93.547858773999963, 27.996289800000056 ], [ -93.534398508999971, 27.998288134000063 ], [ -93.50855577699997, 28.001727522000067 ], [ -93.468826786999955, 28.007864301000041 ], [ -93.422924592999948, 28.013655915000072 ], [ -93.392334409999989, 28.018333447000032 ], [ -93.357819220999943, 28.022721028000035 ], [ -93.322030003999942, 28.028097987000024 ], [ -93.30845874, 28.029666057000043 ], [ -93.293934359, 28.030833100000052 ], [ -93.287034171999949, 28.031193114000075 ], [ -93.279220366999937, 28.031406124000057 ], [ -93.267905193999979, 28.031368360000045 ], [ -93.260133350999979, 28.031119512000032 ], [ -93.252387710999983, 28.03069047300005 ], [ -93.224724902, 28.028316477000033 ], [ -93.216547629, 28.027918078000027 ], [ -93.208805187999985, 28.027903937000076 ], [ -93.199800963999962, 28.028261085000054 ], [ -93.190795463999962, 28.028984398000034 ], [ -93.174543209999968, 28.03104813300007 ], [ -93.154444921999982, 28.034222427000032 ], [ -93.117927148999968, 28.040410662000056 ], [ -93.103163538999979, 28.042619991000038 ], [ -93.095947297999942, 28.043477301000053 ], [ -93.088721278999969, 28.044145391000029 ], [ -93.076186136999979, 28.044790312000032 ], [ -93.064457051999966, 28.044706434000034 ], [ -93.040818482999953, 28.043749312000045 ], [ -93.005885879999937, 28.042948429000035 ], [ -92.98923687599995, 28.042057672000055 ], [ -92.957053530999985, 28.03979836700006 ], [ -92.942663666999977, 28.039168816000029 ], [ -92.935707458999957, 28.03910739500003 ], [ -92.928962339999941, 28.039301556000055 ], [ -92.899975630999961, 28.041092312000046 ], [ -92.865252418999944, 28.04275216700006 ], [ -92.810605792999979, 28.046855709000056 ], [ -92.803370321999978, 28.047584015000041 ], [ -92.79560192799994, 28.048660095000059 ], [ -92.789893209999946, 28.049674586000037 ], [ -92.780753129999937, 28.051619809000044 ], [ -92.771673176999968, 28.053858858000069 ], [ -92.744806109999956, 28.06115668700005 ], [ -92.737276403999942, 28.063032151000073 ], [ -92.730576808999956, 28.064505154000074 ], [ -92.723833105999972, 28.065770828000041 ], [ -92.716193211999951, 28.066940847000069 ], [ -92.689670122999985, 28.070448875000068 ], [ -92.681279507999989, 28.071922089000054 ], [ -92.672927911999977, 28.073650997000072 ], [ -92.662637202999974, 28.076084367000078 ], [ -92.654681763999974, 28.078161278000039 ], [ -92.632438183999966, 28.084480914000039 ], [ -92.625889968999957, 28.086211155000058 ], [ -92.618133302999979, 28.08795602500004 ], [ -92.614673814999946, 28.088595204000057 ], [ -92.60697192799995, 28.089682183000036 ], [ -92.599281497999982, 28.090272974000072 ], [ -92.591640257999984, 28.09029829800005 ], [ -92.584813254999972, 28.089747381000052 ], [ -92.578499286999943, 28.088658574000078 ], [ -92.570964087999982, 28.086635974000046 ], [ -92.563600189999988, 28.083950235000032 ], [ -92.559266068999989, 28.082054551000056 ], [ -92.555000588999974, 28.079970163000041 ], [ -92.550332241999968, 28.077449004000073 ], [ -92.544755187999954, 28.074132650000024 ], [ -92.53386581999996, 28.066936199000054 ], [ -92.52128520399998, 28.058073041000057 ], [ -92.51191393, 28.051710505000074 ], [ -92.507410722999964, 28.048867775000076 ], [ -92.49958793899998, 28.044306832000075 ], [ -92.491594333999956, 28.040225034000059 ], [ -92.484854310999935, 28.037311458000033 ], [ -92.478035742999964, 28.034851273000072 ], [ -92.472926788999985, 28.03333669400007 ], [ -92.467813251999985, 28.032137935000037 ], [ -92.459829956999954, 28.031000028000051 ], [ -92.451975495999989, 28.030886237000061 ], [ -92.446250859999964, 28.031588322000061 ], [ -92.440130182999951, 28.033250937000048 ], [ -92.434207287999982, 28.035711577000029 ], [ -92.428466126999979, 28.038804558000038 ], [ -92.422568299999966, 28.042600164000078 ], [ -92.405433190999986, 28.055060041000047 ], [ -92.398207800999955, 28.059843163000039 ], [ -92.390633699999967, 28.064257946000055 ], [ -92.388083435999988, 28.065602954000042 ], [ -92.37984946399996, 28.069446962000029 ], [ -92.371272100999988, 28.072663935000037 ], [ -92.362349118999987, 28.075211237000076 ], [ -92.354621163, 28.076947740000037 ], [ -92.346764556999972, 28.078416479000055 ], [ -92.338028433999966, 28.079824539000072 ], [ -92.322556110999983, 28.081967150000025 ], [ -92.314454613999942, 28.082893857000045 ], [ -92.302833301999954, 28.083912208000072 ], [ -92.292436276999979, 28.084433874000069 ], [ -92.28483556499998, 28.084575489000031 ], [ -92.277240263999943, 28.084504942000024 ], [ -92.265937770999983, 28.083953650000069 ], [ -92.256764379999936, 28.083073045000049 ], [ -92.247646237999959, 28.081830959000058 ], [ -92.238600113999951, 28.080235185000049 ], [ -92.233241372999942, 28.079106946000024 ], [ -92.223527795999985, 28.076709167000047 ], [ -92.21076500099997, 28.072978438000064 ], [ -92.2041597, 28.070797667000079 ], [ -92.17774774999998, 28.061559421000027 ], [ -92.169769052999982, 28.059038224000062 ], [ -92.160378501999958, 28.056590438000057 ], [ -92.152712320999967, 28.055139505000056 ], [ -92.144961436999949, 28.054134755000064 ], [ -92.13715326199997, 28.053547542000047 ], [ -92.126966386999982, 28.053402719000076 ], [ -92.11733032799998, 28.053948795000053 ], [ -92.110361174, 28.054711308000037 ], [ -92.102819568999962, 28.055818901000066 ], [ -92.095296241999961, 28.057168983000054 ], [ -92.08655641699994, 28.058988621000026 ], [ -92.062374923999982, 28.064398770000025 ], [ -92.05632716599996, 28.06558375000003 ], [ -92.048116366999977, 28.066970257000037 ], [ -92.037869096999941, 28.068271159000062 ], [ -92.029764815999954, 28.068900249000023 ], [ -92.02166127199996, 28.069110181000042 ], [ -92.013358189999963, 28.068851322000057 ], [ -92.002010517999963, 28.067996987000072 ], [ -91.979754407999962, 28.065730900000062 ], [ -91.96418185899995, 28.063934551000045 ], [ -91.951825578999944, 28.062079609000023 ], [ -91.946477094999977, 28.061073911000051 ], [ -91.932729582999968, 28.057913689000031 ], [ -91.915160226999944, 28.053473716000042 ], [ -91.906265874999974, 28.051533142000039 ], [ -91.89733750299996, 28.049991656000032 ], [ -91.888381225999979, 28.048997710000037 ], [ -91.880808538999986, 28.048700573000076 ], [ -91.873711233999984, 28.048894475000054 ], [ -91.865935233999949, 28.049606074000053 ], [ -91.858228758999985, 28.050796776000027 ], [ -91.850622263999981, 28.052443744000072 ], [ -91.847445772999947, 28.053277292000075 ], [ -91.840272441999957, 28.055500971000072 ], [ -91.834074124999972, 28.05775135600004 ], [ -91.815285676999963, 28.065157885000076 ], [ -91.808698682999989, 28.067524319000029 ], [ -91.802596349999988, 28.069466419000037 ], [ -91.796403422999958, 28.071207559000072 ], [ -91.786189413999978, 28.073654627000053 ], [ -91.780673137999941, 28.074791597000058 ], [ -91.770037528999978, 28.076668729000062 ], [ -91.725736590999986, 28.083424295000043 ], [ -91.708231006999938, 28.086409256000024 ], [ -91.690599218999978, 28.090103217000035 ], [ -91.670033415999967, 28.095046546000049 ], [ -91.654382377, 28.099175741000067 ], [ -91.641763549999951, 28.102821774000063 ], [ -91.635682568999982, 28.104721805000054 ], [ -91.596003039999971, 28.118337002000032 ], [ -91.568160649999982, 28.127233131000025 ], [ -91.542912608999984, 28.135607336000078 ], [ -91.535818910999978, 28.137746217000029 ], [ -91.528663955999946, 28.139720931000056 ], [ -91.514810854999951, 28.143047999000032 ], [ -91.501006551999978, 28.14592979300005 ], [ -91.485078014999942, 28.149031250000064 ], [ -91.469692325999972, 28.151717839000071 ], [ -91.461963287999936, 28.152836986000068 ], [ -91.448681417999978, 28.154240094000045 ], [ -91.44121929399995, 28.154788459000031 ], [ -91.426236600999971, 28.155560922000063 ], [ -91.386728801999936, 28.156926558000066 ], [ -91.328465829999971, 28.15943380300007 ], [ -91.308794810999984, 28.159980042000029 ], [ -91.29373032999996, 28.160098613000059 ], [ -91.28323129499995, 28.159959040000047 ], [ -91.272798289999969, 28.159582104000037 ], [ -91.257943631999979, 28.158580155000038 ], [ -91.246560088999956, 28.157367874000045 ], [ -91.218316387999948, 28.153188025000077 ], [ -91.204189797999959, 28.15135071800006 ], [ -91.195547896999983, 28.150473489000035 ], [ -91.186877637999942, 28.149787982000078 ], [ -91.177133326999979, 28.149271390000024 ], [ -91.168341775999977, 28.149060287000054 ], [ -91.159540839999977, 28.149083411000049 ], [ -91.150740513999949, 28.149336441000059 ], [ -91.141952616999959, 28.149829134000072 ], [ -91.132468555999935, 28.150640465000038 ], [ -91.119154773999981, 28.15215601400007 ], [ -91.08819583899998, 28.156163388000039 ], [ -91.081460543, 28.156872656000075 ], [ -91.074276809999958, 28.157398768000064 ], [ -91.071224982999979, 28.157520094000063 ], [ -91.06279875499996, 28.157446762000063 ], [ -91.055030669999951, 28.156638507000025 ], [ -91.048184116999948, 28.154895477000025 ], [ -91.045881314999974, 28.153928910000047 ], [ -91.044028668999943, 28.152926112000046 ], [ -91.040450764999946, 28.15005390500005 ], [ -91.037847109999973, 28.146452163000049 ], [ -91.035700517999942, 28.141970738000055 ], [ -91.033853910999937, 28.136922558000037 ], [ -91.029183342999943, 28.122679015000074 ], [ -91.027450725999984, 28.118396477000033 ], [ -91.024948025999947, 28.113229433000072 ], [ -91.022001579999937, 28.108303878000072 ], [ -91.018544901999974, 28.103754915000025 ], [ -91.013550137999971, 28.098908319000031 ], [ -91.007751823999968, 28.095027328000072 ], [ -91.00143025899996, 28.092379005000055 ], [ -90.998950182999977, 28.091700505000063 ], [ -90.996571304999975, 28.091211045000023 ], [ -90.989570972999957, 28.090515971000059 ], [ -90.982314871999961, 28.090747666000027 ], [ -90.974938913999949, 28.091833188000066 ], [ -90.968729278999945, 28.093384374000038 ], [ -90.962996067999939, 28.095304077000037 ], [ -90.955276093999942, 28.098504332000061 ], [ -90.947652156999936, 28.102218564000054 ], [ -90.940249313999971, 28.106241632000035 ], [ -90.932961176999981, 28.11053071300006 ], [ -90.926060746999951, 28.114860456000031 ], [ -90.91837867199996, 28.120047314000033 ], [ -90.911069, 28.125559232000057 ], [ -90.905255942999986, 28.130506035000053 ], [ -90.892657990999965, 28.142136540000024 ], [ -90.886147081999979, 28.147945118000052 ], [ -90.881871224999941, 28.151355743000067 ], [ -90.877403631999982, 28.154568960000063 ], [ -90.87183185899994, 28.158118881000064 ], [ -90.866002245999937, 28.161337271000036 ], [ -90.859500338999965, 28.164385957000036 ], [ -90.853912625999953, 28.166636806000042 ], [ -90.848186864999946, 28.168663354000046 ], [ -90.840463888999977, 28.171023656000045 ], [ -90.833308210999974, 28.172860076000063 ], [ -90.826035152999964, 28.174429957000029 ], [ -90.818398087999981, 28.175801709000041 ], [ -90.810681924999983, 28.176948499000048 ], [ -90.799013985999977, 28.178310407000026 ], [ -90.791324027999963, 28.178998707000062 ], [ -90.777831095999943, 28.179859608000072 ], [ -90.769294194999986, 28.18023525600006 ], [ -90.756171615999961, 28.180609576000052 ], [ -90.738265598999988, 28.180816434000064 ], [ -90.727012467999941, 28.180772370000057 ], [ -90.714411680999945, 28.180520999000066 ], [ -90.685603680999975, 28.179378714000052 ], [ -90.650402213999939, 28.177452929000026 ], [ -90.595838149999963, 28.17366958100007 ], [ -90.579944929999954, 28.172825201000023 ], [ -90.572999094999943, 28.172601894000024 ], [ -90.558857847999946, 28.172512426000026 ], [ -90.551969583999949, 28.17267750600007 ], [ -90.545107196999936, 28.173011906000056 ], [ -90.537822310999957, 28.173587671000064 ], [ -90.530584654999984, 28.17439827100003 ], [ -90.525701499999968, 28.175087882000071 ], [ -90.518309857999952, 28.176371624000069 ], [ -90.511009228999967, 28.177968864000036 ], [ -90.504500209999946, 28.179700023000066 ], [ -90.491655155999979, 28.183643707000044 ], [ -90.474169059999952, 28.189485707000074 ], [ -90.439642195999966, 28.20157103300005 ], [ -90.42010049199996, 28.208865248000052 ], [ -90.405340190999937, 28.214758987000039 ], [ -90.381291387999966, 28.224932941000077 ], [ -90.365034015999981, 28.231369761000053 ], [ -90.35174954699994, 28.236129790000064 ], [ -90.345027400999982, 28.238316323000049 ], [ -90.333449794999979, 28.241664082000057 ], [ -90.325150838999946, 28.24376111600003 ], [ -90.316785623999976, 28.245661923000057 ], [ -90.306925129999968, 28.247666106000054 ], [ -90.298609881999937, 28.249168901000075 ], [ -90.28652920199994, 28.251080480000041 ], [ -90.272611501999961, 28.253011624000067 ], [ -90.263443492999954, 28.254087649000041 ], [ -90.248824536999962, 28.255518115000029 ], [ -90.222516396999936, 28.257711720000032 ], [ -90.206040808999944, 28.259361455000032 ], [ -90.19787075399995, 28.260427710000044 ], [ -90.19009975299997, 28.261682868000037 ], [ -90.181308397999942, 28.263448237000034 ], [ -90.172630308999942, 28.265580572000033 ], [ -90.167441144999941, 28.267064733000041 ], [ -90.158950657999981, 28.26984096800004 ], [ -90.153741811999964, 28.271763750000048 ], [ -90.143287100999942, 28.276046200000053 ], [ -90.130333472999951, 28.281850940000027 ], [ -90.122695934999967, 28.28546201000006 ], [ -90.10562736299994, 28.294090021000045 ], [ -90.097192503999963, 28.298660754000025 ], [ -90.087297190999948, 28.304329644000063 ], [ -90.07545657199995, 28.311476061000064 ], [ -90.063635332999979, 28.318986787000028 ], [ -90.057998038999983, 28.322730613000033 ], [ -90.048323152999956, 28.329536335000057 ], [ -90.041095696999946, 28.335132539000028 ], [ -90.035185871999943, 28.340236272000027 ], [ -90.029610486999957, 28.345603109000024 ], [ -90.024605, 28.351000322000061 ], [ -90.019969581999987, 28.356644033000066 ], [ -90.016986387999964, 28.360713296000029 ], [ -90.014189490999968, 28.364893021000057 ], [ -90.011372052999945, 28.369497155000033 ], [ -90.008437933999971, 28.374724136000054 ], [ -90.005670049999935, 28.380039919000069 ], [ -90.001417320999963, 28.388850338000054 ], [ -89.995038694999948, 28.40316093000007 ], [ -89.990734031999978, 28.41329772000006 ], [ -89.987561209999967, 28.42132809900005 ], [ -89.984809745999939, 28.429411109000057 ], [ -89.982837563999965, 28.436967034000077 ], [ -89.981896689999985, 28.441888188000064 ], [ -89.981020767999951, 28.44840027500004 ], [ -89.980548555999974, 28.454918941000074 ], [ -89.980498287999978, 28.461419521000039 ], [ -89.980911471999946, 28.467876776000026 ], [ -89.981636704999971, 28.473126702000059 ], [ -89.98347197399994, 28.481504553000036 ], [ -89.984874308999963, 28.486496825000074 ], [ -89.992874305999976, 28.510316714000055 ], [ -89.995152771999983, 28.517811380000069 ], [ -89.997139840999978, 28.525326372000052 ], [ -89.998260115999983, 28.530440203000069 ], [ -89.999547183999937, 28.537542401000053 ], [ -90.000507756, 28.544567694000079 ], [ -90.001803330999962, 28.559077373000036 ], [ -90.002818264999974, 28.566942653000069 ], [ -90.003925553999977, 28.571656014000041 ], [ -90.005677656999978, 28.576103342000067 ], [ -90.009586002999981, 28.581920602000025 ], [ -90.014902834999987, 28.587229611000055 ], [ -90.018415779999941, 28.590051618000075 ], [ -90.022214148999979, 28.592756808000047 ], [ -90.028443651999964, 28.596718075000069 ], [ -90.04783712699998, 28.608036838000032 ], [ -90.056657797999947, 28.613445389000049 ], [ -90.062187036999944, 28.617153476000055 ], [ -90.069080503999942, 28.62227288400004 ], [ -90.075272487999939, 28.627651190000051 ], [ -90.079672337999966, 28.632314460000032 ], [ -90.083285502999956, 28.637111682000068 ], [ -90.085203611999987, 28.640390876000026 ], [ -90.086617302999969, 28.643695137000066 ], [ -90.087416571999938, 28.646867784000051 ], [ -90.087612415999956, 28.650031785000067 ], [ -90.08717623299998, 28.653090933000044 ], [ -90.086158571999988, 28.656090458000051 ], [ -90.082713745999968, 28.661708225000041 ], [ -90.078563036999981, 28.666174355000066 ], [ -90.07348068899995, 28.670310806000032 ], [ -90.067760290999956, 28.673982643000045 ], [ -90.061471448999953, 28.677374479000036 ], [ -90.054228830999989, 28.680818405000025 ], [ -90.046948485999962, 28.683927586000038 ], [ -90.034476980999955, 28.688672312000051 ], [ -90.026303139999982, 28.691427464000071 ], [ -90.019447046999971, 28.69350391100005 ], [ -90.006489107999982, 28.696916452000039 ], [ -89.999228715999948, 28.698507584000026 ], [ -89.991383645999974, 28.699895857000058 ], [ -89.983500940999988, 28.700911190000056 ], [ -89.975242691999938, 28.701565660000028 ], [ -89.956025911999973, 28.702376510000079 ], [ -89.948191086999941, 28.702877500000056 ], [ -89.939119004999952, 28.703858917000048 ], [ -89.93005773699997, 28.705175657000041 ], [ -89.921285376999947, 28.706640191000076 ], [ -89.901986048999959, 28.710174921000032 ], [ -89.89279090399998, 28.711760507000065 ], [ -89.883570111999973, 28.713167123000062 ], [ -89.871700374999989, 28.714598974000069 ], [ -89.862419169999953, 28.715377926000031 ], [ -89.853142521999985, 28.715833332000045 ], [ -89.842110552999941, 28.715839975000051 ], [ -89.829937246999975, 28.715088776000073 ], [ -89.821022467999967, 28.714054686000054 ], [ -89.812213288999942, 28.712565906000066 ], [ -89.800911347999943, 28.709986840000056 ], [ -89.784846860999949, 28.705608091000045 ], [ -89.771527979999973, 28.701340008000045 ], [ -89.751187782999978, 28.694461263000051 ], [ -89.743201883999973, 28.69189529700003 ], [ -89.735127965999936, 28.689666822000049 ], [ -89.726470225999947, 28.687853261000043 ], [ -89.71822321999997, 28.686596843000075 ], [ -89.709895831999972, 28.685689735000039 ], [ -89.700823093999986, 28.685036574000037 ], [ -89.691381816999979, 28.684719761000053 ], [ -89.683371834999946, 28.684750751000024 ], [ -89.675368394999964, 28.685052628000051 ], [ -89.666109668, 28.685766220000062 ], [ -89.658055, 28.686773163000055 ], [ -89.650750212, 28.687994169000035 ], [ -89.643479620999983, 28.689470398000026 ], [ -89.636251854999955, 28.691183276000061 ], [ -89.626244285999974, 28.693952621000051 ], [ -89.615648697999973, 28.697329276000062 ], [ -89.603116213999954, 28.701776404000043 ], [ -89.59038925599998, 28.706772761000025 ], [ -89.577554408999958, 28.712340879000067 ], [ -89.563593357999935, 28.718976196000028 ], [ -89.537912818999985, 28.73232245500003 ], [ -89.51945627799995, 28.741416533000063 ], [ -89.482040526999981, 28.759244357000057 ], [ -89.474565374999941, 28.762544274000049 ], [ -89.466964122999968, 28.765558344000056 ], [ -89.460524125999939, 28.767768217000025 ], [ -89.45397282, 28.769734800000037 ], [ -89.446347273999947, 28.771740668000064 ], [ -89.438633221999964, 28.773533921000023 ], [ -89.426806585999941, 28.775925139000037 ], [ -89.419534873999964, 28.777198218000024 ], [ -89.390980360999947, 28.781720118000067 ], [ -89.385498864999988, 28.782801694000057 ], [ -89.376920795999979, 28.784829703000071 ], [ -89.368912592999948, 28.787105420000046 ], [ -89.361022952999974, 28.789697943000078 ], [ -89.35326073899995, 28.792591795000078 ], [ -89.348770252999941, 28.79443255800004 ], [ -89.341741897999952, 28.797565731000077 ], [ -89.334826187999965, 28.800916447000077 ], [ -89.328010570999936, 28.804448757000046 ], [ -89.321743720999962, 28.807886827000061 ], [ -89.310732651999956, 28.814436165000075 ], [ -89.299651951999977, 28.821682148000036 ], [ -89.293409137999959, 28.825959566000051 ], [ -89.264525534999962, 28.846094958000037 ], [ -89.257880748, 28.850506240000072 ], [ -89.25112857299996, 28.854763597000044 ], [ -89.244233269999938, 28.858814309000024 ], [ -89.234144241999957, 28.864133578000065 ], [ -89.22681844799996, 28.867621249000024 ], [ -89.214210855999966, 28.87303560600003 ], [ -89.201563470999986, 28.877973378000036 ], [ -89.194046549999939, 28.880726194000033 ], [ -89.179887016999942, 28.88549312300006 ], [ -89.167635967999956, 28.889284355000029 ], [ -89.160670913999979, 28.891282214000057 ], [ -89.146648614999947, 28.894977935000043 ], [ -89.138110458999961, 28.897028608000028 ], [ -89.117801733999954, 28.901492896000036 ], [ -89.109269962999974, 28.903541134000079 ], [ -89.099532016999945, 28.906314088000045 ], [ -89.089012466999975, 28.909945825000079 ], [ -89.083459652999977, 28.91211480100003 ], [ -89.076433750999968, 28.915107216000024 ], [ -89.069543241999952, 28.91834035100004 ], [ -89.060079357999939, 28.923300295000047 ], [ -89.05213295599998, 28.92784204000003 ], [ -89.044362203999981, 28.932637729000078 ], [ -89.038397541999984, 28.936592146000066 ], [ -89.028304825999953, 28.943685427000048 ], [ -88.99822100199998, 28.965537037000047 ], [ -88.983906633999936, 28.976444577000052 ], [ -88.972657055999946, 28.985334419000026 ], [ -88.951685255999962, 29.002253039000038 ], [ -88.945342302999961, 29.007549192000056 ], [ -88.934338752999963, 29.017307831000039 ], [ -88.925291930999947, 29.026088015000028 ], [ -88.909015892999946, 29.042724923000037 ], [ -88.897952619999955, 29.053645456000027 ], [ -88.885419057999968, 29.065338878000034 ], [ -88.871652621999942, 29.077577346000055 ], [ -88.861819338999965, 29.085931355000071 ], [ -88.856811505999985, 29.089925919000052 ], [ -88.852114547999975, 29.093466969000076 ], [ -88.847319487999982, 29.09684495700003 ], [ -88.840765844999964, 29.101033332000043 ], [ -88.834017356999937, 29.104825290000065 ], [ -88.826107109999953, 29.108542079000074 ], [ -88.81956889099996, 29.110911127000065 ], [ -88.810848028999942, 29.113088289000075 ], [ -88.804017402999989, 29.114214486000037 ], [ -88.797057485999972, 29.114965043000041 ], [ -88.786898227999984, 29.115488439000046 ], [ -88.777443030999962, 29.115530227000079 ], [ -88.746411853999973, 29.114526046000037 ], [ -88.739650919999974, 29.114434391000032 ], [ -88.733074925999972, 29.114625937000028 ], [ -88.726712304999978, 29.115296381000064 ], [ -88.721422711999935, 29.116414749000057 ], [ -88.719284240999968, 29.117053837000071 ], [ -88.711744283999963, 29.120235966000052 ], [ -88.70579539299996, 29.123610075000045 ], [ -88.699924993999957, 29.127421510000033 ], [ -88.673642634999965, 29.145759163000037 ], [ -88.666844974999947, 29.150280218000034 ], [ -88.659870604999981, 29.154638430000034 ], [ -88.652872362999972, 29.158676266000043 ], [ -88.645719612999983, 29.16252813400007 ], [ -88.637164015999986, 29.16684527600006 ], [ -88.612354718999939, 29.178197408000074 ], [ -88.603165688999979, 29.182608517000062 ], [ -88.577611400999956, 29.195685747000027 ], [ -88.565793482999936, 29.202325454000061 ], [ -88.551621867999984, 29.210678135000023 ], [ -88.542864354999949, 29.216222217000052 ], [ -88.52283237499995, 29.229743800000051 ], [ -88.512560419999943, 29.236103453000055 ], [ -88.505279927999936, 29.240305442000079 ], [ -88.490236127999935, 29.248411886000042 ], [ -88.477879144999974, 29.254526289000069 ], [ -88.469671031999951, 29.25805321100006 ], [ -88.46120044099996, 29.26123558300003 ], [ -88.452554116999977, 29.264051792000032 ], [ -88.443783393999979, 29.266483985000036 ], [ -88.435103482999978, 29.26849502400006 ], [ -88.429321708999964, 29.269623936000073 ], [ -88.417371191999962, 29.271541161000073 ], [ -88.405920376999973, 29.272988773000066 ], [ -88.391971525999963, 29.274367225000049 ], [ -88.384876473999952, 29.274904132000074 ], [ -88.377779134999969, 29.275296834000073 ], [ -88.370681736999984, 29.275507484000059 ], [ -88.360121591999985, 29.27539207600006 ], [ -88.352743488999977, 29.275009294000029 ], [ -88.338034095999944, 29.273666049000042 ], [ -88.301433610999936, 29.268773632000034 ], [ -88.294244339999977, 29.268077808000044 ], [ -88.285770413999956, 29.267690278000032 ], [ -88.27703278599995, 29.267755568000041 ], [ -88.268531195999969, 29.268227162000073 ], [ -88.260055749999935, 29.269085835000055 ], [ -88.253926704999969, 29.269944081000062 ], [ -88.241229076999957, 29.272125731000074 ], [ -88.234661337999967, 29.273416553000061 ], [ -88.224749181999982, 29.275607258000036 ], [ -88.210082651999983, 29.279297511000038 ], [ -88.201058441999976, 29.281886132000068 ], [ -88.19129935999996, 29.285145965000027 ], [ -88.181592057999978, 29.289046972000051 ], [ -88.167530076999981, 29.295308939000051 ], [ -88.153289516999962, 29.301283848000026 ], [ -88.143285770999967, 29.305103722000069 ], [ -88.128574787, 29.310253221000039 ], [ -88.120126748999951, 29.313363502000072 ], [ -88.107988447999958, 29.318337064000048 ], [ -88.100492563999978, 29.321810772000049 ], [ -88.096020221999936, 29.324094277000029 ], [ -88.085087337999937, 29.330136784000047 ], [ -88.069785429999968, 29.33902136200004 ], [ -88.055996774999983, 29.346335042000078 ], [ -88.039680569999973, 29.354428177000045 ], [ -88.03145107399996, 29.358330065000075 ], [ -88.02309883099997, 29.361973590000048 ], [ -88.017792049999969, 29.364023398000029 ], [ -88.012396062999983, 29.365883162000046 ], [ -88.004562483999962, 29.368194961000029 ], [ -87.996584811, 29.370119386000056 ], [ -87.986240192999958, 29.372029467000061 ], [ -87.978214712999943, 29.373090624000042 ], [ -87.97176064699994, 29.373680179000075 ], [ -87.96527181099998, 29.37405982100006 ], [ -87.956634400999974, 29.374270800000033 ], [ -87.950108173999979, 29.374224806000029 ], [ -87.943574803, 29.374004310000032 ], [ -87.936263882999981, 29.37355062000006 ], [ -87.923563621999961, 29.372313925000071 ], [ -87.908564161999948, 29.37020559900003 ], [ -87.893164728999977, 29.367389739000032 ], [ -87.856574380999973, 29.359642223000037 ], [ -87.848464513999943, 29.358147754000072 ], [ -87.840352346999964, 29.356993126000077 ], [ -87.837130067999965, 29.356664662000071 ], [ -87.828782779999983, 29.356187240000054 ], [ -87.820456932999946, 29.356236698000032 ], [ -87.812189568999941, 29.356826051000041 ], [ -87.803876617999947, 29.35803022500005 ], [ -87.795667057999935, 29.359884034000061 ], [ -87.787555527999984, 29.362227832000031 ], [ -87.779492592999986, 29.36488214600007 ], [ -87.767914567, 29.369013461000065 ], [ -87.737225069999965, 29.380617946000029 ], [ -87.720910609999976, 29.386955077000039 ], [ -87.713258273999941, 29.390049350000027 ], [ -87.691253529999983, 29.399487237000073 ], [ -87.679196612999988, 29.404459927000062 ], [ -87.669771175999983, 29.408012497000072 ], [ -87.661384537999936, 29.410908014000029 ], [ -87.653667668999958, 29.413336482000034 ], [ -87.646234650999986, 29.415436555000042 ], [ -87.606493972999942, 29.425493976000041 ], [ -87.592345362999936, 29.429641634000063 ], [ -87.58428272499998, 29.432261243000028 ], [ -87.538349475999951, 29.447868952000078 ], [ -87.532102031999955, 29.450076420000073 ], [ -87.522713444999965, 29.453760643000066 ], [ -87.512400372999934, 29.458517481000058 ], [ -87.50703600099996, 29.461337585000024 ], [ -87.501324753999938, 29.464647778000028 ], [ -87.495743648999962, 29.468115736000073 ], [ -87.487533787999951, 29.473509259000025 ], [ -87.481335224999953, 29.477893764000044 ], [ -87.462761914999987, 29.491689458000053 ], [ -87.454450114999986, 29.498699311000053 ], [ -87.436933476999968, 29.515782820000027 ], [ -87.431453794999982, 29.520602085000064 ], [ -87.405021931999954, 29.542584643000055 ], [ -87.399178577999976, 29.547183546000042 ], [ -87.381946773999971, 29.559774121000032 ], [ -87.373289477999947, 29.566816833000075 ], [ -87.368790435999983, 29.570924286000036 ], [ -87.36443996099996, 29.575172787000042 ], [ -87.355930227999977, 29.583930100000032 ], [ -87.351777310999978, 29.588425702000052 ], [ -87.347785901999941, 29.593035219000058 ], [ -87.341844376999973, 29.600722429000029 ], [ -87.338524736999943, 29.605560951000029 ], [ -87.332584777999955, 29.615258535000066 ], [ -87.325627992999955, 29.627652152000053 ], [ -87.321690113999978, 29.635367065000025 ], [ -87.31880141399995, 29.641882271000043 ], [ -87.316277115999981, 29.648465093000027 ], [ -87.314150832999985, 29.655158775000075 ], [ -87.312556040999937, 29.661636163000026 ], [ -87.311085347999949, 29.670031081000047 ], [ -87.310108766999974, 29.679819045000045 ], [ -87.309807254999953, 29.687126636000073 ], [ -87.309806738999953, 29.694450565000068 ], [ -87.310074207999946, 29.701770354000075 ], [ -87.310494263999942, 29.707855505000055 ], [ -87.312518651999937, 29.726961376000077 ], [ -87.313023883999961, 29.733936046000053 ], [ -87.313042205999977, 29.740418767000051 ], [ -87.312508436999963, 29.74682671100004 ], [ -87.311444481999956, 29.753063489000056 ], [ -87.30988634199997, 29.759212251000065 ], [ -87.307859611999959, 29.765249018000077 ], [ -87.304961610999953, 29.771978042000057 ], [ -87.303853081999989, 29.774163947000034 ], [ -87.300358102999951, 29.780152692000058 ], [ -87.296342956999979, 29.785895398000036 ], [ -87.291367407999985, 29.791863523000075 ], [ -87.286376392999955, 29.796886356000073 ], [ -87.280946333999964, 29.801597 ], [ -87.273845330999961, 29.806894837000073 ], [ -87.264978926999959, 29.812455505000059 ], [ -87.258057616999963, 29.816218282000079 ], [ -87.250895396999965, 29.819698672000072 ], [ -87.245547555999963, 29.822061826000038 ], [ -87.232945145999963, 29.827034205000075 ], [ -87.225694006999959, 29.829608258000064 ], [ -87.198809809999943, 29.838643299000069 ], [ -87.190669709999952, 29.841594581000038 ], [ -87.182756068999936, 29.844776852000052 ], [ -87.175184292999973, 29.84835675000005 ], [ -87.171697300999938, 29.850276677000068 ], [ -87.16524673899994, 29.854388225000037 ], [ -87.159163597999964, 29.858906154000067 ], [ -87.153383175999977, 29.863724949000073 ], [ -87.148606965999988, 29.868076970000061 ], [ -87.144078237999963, 29.872607001000063 ], [ -87.139863472999934, 29.877341779000062 ], [ -87.135657801999969, 29.882811896000078 ], [ -87.132427983999946, 29.887613044000034 ], [ -87.12537711899995, 29.899192604000064 ], [ -87.121723410999948, 29.904900691000023 ], [ -87.119082338999988, 29.908611815000029 ], [ -87.116239525999958, 29.912204545000066 ], [ -87.111308885999961, 29.917570492000038 ], [ -87.105836727999986, 29.922544799000036 ], [ -87.101508254999942, 29.925917758000026 ], [ -87.096946490999983, 29.929097703000025 ], [ -87.091140281999969, 29.932764016000078 ], [ -87.085130825999954, 29.936261415000047 ], [ -87.070922431999975, 29.944062635000023 ], [ -87.062103780999962, 29.949116159000027 ], [ -87.056324146999941, 29.952662748000023 ], [ -87.034814449999942, 29.966496412000026 ], [ -87.007808531999956, 29.983498017000045 ], [ -86.995007354999984, 29.99221293100004 ], [ -86.983624645999953, 30.000701870000057 ], [ -86.978128803999937, 30.005096797000078 ], [ -86.969213370999967, 30.012783070000069 ], [ -86.962889124999947, 30.018911481000032 ], [ -86.960373362999974, 30.021596524000074 ], [ -86.957514491999973, 30.024890980000066 ], [ -86.953897609999956, 30.029465979000065 ], [ -86.95047852, 30.034161035000068 ], [ -86.939752910999971, 30.049618222000049 ], [ -86.934989515999973, 30.055965332000028 ], [ -86.932087318999947, 30.059533635000037 ], [ -86.929058334, 30.062975276000031 ], [ -86.92402797699998, 30.06800678500008 ], [ -86.918528633999983, 30.072531017000074 ], [ -86.914129266999964, 30.075472461000061 ], [ -86.909468410999978, 30.078105187000062 ], [ -86.903505921999965, 30.080939705000048 ], [ -86.897274657999958, 30.083371428000078 ], [ -86.89081099699996, 30.085376879000023 ], [ -86.887433078999948, 30.086222440000029 ], [ -86.877943922999975, 30.087917073000028 ], [ -86.870364956999936, 30.088666185000079 ], [ -86.862688659999947, 30.088951692000023 ], [ -86.853135574999953, 30.08866633100007 ], [ -86.844024408999985, 30.08773960700006 ], [ -86.834940330999984, 30.086262544000078 ], [ -86.825920006, 30.084298129000047 ], [ -86.819512506999956, 30.082603649000077 ], [ -86.812578776999942, 30.080494108000039 ], [ -86.805716634999953, 30.078156461000049 ], [ -86.799776003999966, 30.07595604200003 ], [ -86.791878262999944, 30.072799934000045 ], [ -86.784080415999938, 30.069437177000054 ], [ -86.763352226999984, 30.059695894000072 ], [ -86.751349371999936, 30.053736240000035 ], [ -86.728370558999984, 30.041834870000059 ], [ -86.720214692999946, 30.03775014200005 ], [ -86.689470565999954, 30.022922742000048 ], [ -86.679062028999965, 30.017356305000078 ], [ -86.672122523999974, 30.013233242000069 ], [ -86.665318380999963, 30.008936424000069 ], [ -86.653477151999937, 30.001137687000039 ], [ -86.642822884999987, 29.993837294000059 ], [ -86.631307794999941, 29.985449376000076 ], [ -86.624767256999974, 29.980393228000025 ], [ -86.612953841999968, 29.970886149000023 ], [ -86.603836225999942, 29.96322592100006 ], [ -86.595634299999972, 29.955664112000079 ], [ -86.591483927999946, 29.951251462000073 ], [ -86.587801272999968, 29.946613101000025 ], [ -86.585082677999935, 29.94237896900006 ], [ -86.581837683999936, 29.935961678000069 ], [ -86.576386018999983, 29.922461235000071 ], [ -86.57217510299995, 29.912805114000037 ], [ -86.568389595999975, 29.905577792000031 ], [ -86.564244574999975, 29.89884121800003 ], [ -86.559630069999969, 29.892323488000045 ], [ -86.556103334999989, 29.887882815000069 ], [ -86.552311456999973, 29.88360891800005 ], [ -86.547630143999982, 29.878982774000065 ], [ -86.542616077, 29.874581360000036 ], [ -86.536426750999965, 29.869657970000048 ], [ -86.529660297999953, 29.864658585000029 ], [ -86.522720997999954, 29.85976486900006 ], [ -86.509237319999954, 29.850666187000058 ], [ -86.499970301999952, 29.844860056000073 ], [ -86.493258270999945, 29.840956407000078 ], [ -86.486423431999981, 29.837225212000078 ], [ -86.479475399999956, 29.833673496000074 ], [ -86.472345949999976, 29.83029414400005 ], [ -86.46507263899997, 29.827177149000079 ], [ -86.45476460499998, 29.823359316000051 ], [ -86.426785988999939, 29.814137585000026 ], [ -86.418888599999946, 29.811225550000074 ], [ -86.411137780999979, 29.808057392000023 ], [ -86.406537658, 29.805992115000038 ], [ -86.39784829599995, 29.801643955000031 ], [ -86.391886658999965, 29.798282721000078 ], [ -86.386079224999946, 29.794718633000059 ], [ -86.380414883999947, 29.790978246000066 ], [ -86.374002545999986, 29.78642399000006 ], [ -86.36834394899995, 29.782082454000033 ], [ -86.362890322999988, 29.777545423000049 ], [ -86.358679395999957, 29.773743981000052 ], [ -86.353454380999949, 29.768613010000024 ], [ -86.348456932999966, 29.763292541000055 ], [ -86.343650036999975, 29.757819545000075 ], [ -86.334915194999951, 29.747023425000066 ], [ -86.328411598999935, 29.738225725000063 ], [ -86.322786085999951, 29.729953514000044 ], [ -86.318700828999965, 29.723499614000048 ], [ -86.314802476999944, 29.716953978000049 ], [ -86.307955939999943, 29.704379319000054 ], [ -86.302817304999962, 29.693929345000072 ], [ -86.291801459999988, 29.67020055100005 ], [ -86.286701149999942, 29.660185421000051 ], [ -86.282754920999935, 29.653051642000037 ], [ -86.278521497999975, 29.646095850000052 ], [ -86.275355007999963, 29.641394027000047 ], [ -86.271968876999949, 29.636834554000075 ], [ -86.26760003399994, 29.631616742000062 ], [ -86.262858239999957, 29.626664047000077 ], [ -86.258312347999947, 29.622484783000061 ], [ -86.253513210999984, 29.618501985000023 ], [ -86.243788374999951, 29.611248132000071 ], [ -86.224441217999981, 29.597563206000075 ], [ -86.216135985999983, 29.591242449000049 ], [ -86.210549369999967, 29.586743648000038 ], [ -86.204084162999948, 29.581218070000034 ], [ -86.198765294999987, 29.576334516000031 ], [ -86.193670291999979, 29.571285269000043 ], [ -86.187079481999945, 29.563999952000074 ], [ -86.180905995999979, 29.55608847600007 ], [ -86.176279645999955, 29.549480115000051 ], [ -86.171839014999989, 29.542739954000069 ] ] ] ] } }
]
}
