yr,risk_all_gt10,risk_boem_gt10,risk_boem_gt10_wab,risk_boem_gt10_wan,pct_boem_gt10,pct_risk_reduced_boem_gt10_wab,pct_risk_reduced_boem_gt10_wan
2015,71621.45593321396,23153.356903473916,948.6914188647643,21089.366245904646,0.32327403292477197,0.013245910830818717,0.29445598349145813
2016,67877.79634741547,21519.015175096778,659.4169759854631,19655.06166303868,0.3170258366219949,0.009714766999953899,0.2895654060782878
2017,68494.48907803,21908.65733103146,720.9750698825956,20144.86285371543,0.3198601467933102,0.010526030335977094,0.29410925061089344
2018,79758.86890779033,25209.356597460835,450.35612697536453,23115.711069689438,0.3160696351725538,0.005646470833181245,0.2898199458722721
