yr,risk_all_gt01,risk_boem_gt01,pct_boem_gt01,risk_all_gt10,risk_boem_gt10,pct_boem_gt10
2015,198492.61117931412,82151.6041957937,0.413877391746233,153112.91062380312,49497.42781844485,0.3232740310192361
2016,182404.7855673498,71147.29679614096,0.39005170053431,145109.6859068769,46003.51934977795,0.31702583505900755
2017,184356.59293015636,72381.08367212073,0.3926145657266641,146428.05486006165,46836.49944107771,0.3198601489710316
2018,214476.93316869886,82665.38614807093,0.38542786362508125,170509.13669659584,53892.76013083557,0.3160696322492818
