n_whales_gom,n_whales_wab,pct_whales_wab,n_whales_wan,pct_whales_wan
51.29999984930518,26.562114197622577,0.5177800053732815,48.46626684568764,0.9447615397282322
